,2020-03-11,2020-03-12,2020-03-13,2020-03-14,2020-03-15,2020-03-16,2020-03-17,2020-03-18,2020-03-19,2020-03-20,2020-03-21,2020-03-22,2020-03-23,2020-03-24,2020-03-25,2020-03-26,2020-03-27,2020-03-28,2020-03-29,2020-03-30,2020-03-31,2020-04-01,2020-04-02,2020-04-03,2020-04-04,2020-04-05,2020-04-06,2020-04-07,2020-04-08,2020-04-09
1,,,,,,3.3,2.69,2.9,2.36,2.15,2.14,2.76,3.14,5.76,4.87,4.51,3.46,2.98,2.54,3.0,3.47,4.25,6.91,11.95,10.84,9.98,8.12,7.25,8.73,12.36
2,,,,,,2.18,2.05,2.67,2.25,1.95,2.08,2.7,3.11,5.98,5.45,5.63,5.33,5.68,5.17,5.55,4.61,4.45,4.94,6.42,8.19,10.48,13.66,15.61,18.43,19.51
3,,,,,,4.52,5.94,9.5,3.96,1.66,1.29,1.31,1.74,4.98,8.09,3.99,2.7,2.26,2.41,3.51,5.0,7.87,11.87,12.41,13.14,10.82,12.41,11.38,13.08,14.76
4,,,,,,2.85,3.74,5.98,4.27,2.67,1.66,1.51,1.49,2.12,1.92,2.46,2.54,3.15,3.44,5.61,5.91,7.65,6.23,5.07,4.39,4.59,5.69,10.14,12.84,14.94
5,,,,,,3.15,2.18,1.98,1.93,1.79,2.19,3.18,3.37,5.22,9.97,7.26,4.81,4.13,3.99,4.9,8.87,18.6,36.5,30.72,21.73,17.19,16.99,19.24,30.92,42.48
6,,,,,,2.04,1.96,2.55,2.38,2.08,2.17,2.7,2.87,4.56,5.75,6.55,5.73,6.32,6.03,5.87,5.98,6.37,6.33,6.4,7.19,6.78,7.11,9.08,13.49,14.32
7,,,,,,1.88,1.76,1.9,2.27,2.27,2.9,3.85,3.7,5.1,5.1,4.8,4.29,4.87,4.81,6.18,7.15,8.71,9.87,12.24,11.63,11.07,11.43,13.39,18.13,26.59
8,,,,,,6.39,4.07,3.67,2.7,2.03,2.03,2.51,2.99,5.9,11.29,10.0,7.87,7.12,7.36,9.59,7.63,6.72,5.95,5.42,6.12,8.53,10.45,14.8,23.47,26.74
9,,,,,,2.66,2.98,5.6,3.0,1.75,1.47,1.63,1.9,3.78,4.77,4.02,3.68,3.96,3.69,3.98,4.34,4.81,5.61,6.31,6.98,6.29,6.84,8.86,14.02,13.95
10,,,,,,2.35,2.35,3.28,3.13,2.7,2.63,3.06,3.34,5.45,6.29,7.61,5.73,5.42,5.35,6.95,8.39,11.02,11.73,11.6,10.8,10.41,12.1,14.35,20.54,22.91
11,,,,,,2.88,2.35,2.23,2.19,2.06,2.4,2.79,2.82,4.07,5.5,6.26,5.75,6.13,5.83,6.53,7.08,7.96,8.43,8.19,8.2,7.95,8.22,10.31,14.64,16.44
12,,,,,,2.4,1.77,1.62,1.63,1.69,2.44,5.42,8.67,-6243314768165359.0,4.74,2.2,1.7,1.52,1.66,2.62,3.82,4.6,7.58,11.4,11.36,10.42,9.15,7.68,8.13,8.27
13,,,,,,1.72,1.72,1.98,2.43,2.17,2.04,2.51,3.03,6.18,4.77,4.32,3.17,2.9,3.19,5.01,6.68,8.52,9.26,9.9,9.72,10.6,11.47,14.67,21.98,24.12
14,,,,,,-3.58,-5.94,-26.02,7.48,11.97,inf,inf,9.5,5.94,1.25,0.85,0.8,0.97,1.47,13.41,11.72,9.91,8.88,9.34,9.68,12.76,16.37,13.04,12.26,9.08
15,,,,,,1.58,1.68,2.01,3.1,3.22,4.81,4.46,3.47,3.71,5.37,4.08,3.86,4.28,4.15,5.46,7.35,7.16,6.28,5.43,5.71,8.34,11.63,32.8,55.64,19.8
16,,,,,,9.0,6.22,6.01,4.31,2.98,2.85,3.32,3.21,4.47,5.25,4.64,4.31,4.7,4.71,6.06,7.24,9.04,11.56,10.31,11.62,12.53,15.77,17.54,27.43,23.41
17,,,,,,-13.25,10.54,3.47,1.43,1.33,1.75,1.83,2.19,4.85,3.42,2.52,2.3,2.45,2.65,4.41,4.78,5.16,6.88,6.08,5.95,6.03,6.36,7.37,13.56,17.4
18,,,,,,1.23,1.34,1.86,1.35,1.25,1.54,1.64,2.16,6.77,6.47,7.16,7.07,7.58,6.44,7.25,6.77,8.54,12.28,15.9,15.66,16.87,17.39,19.87,26.02,28.07
19,,,,,,2.21,2.49,3.57,2.81,2.41,2.52,2.49,3.07,6.96,5.43,4.72,3.97,3.98,4.62,9.03,12.62,11.14,9.53,7.53,7.09,5.95,6.72,7.38,9.4,9.34
20,,,,,,2.17,2.42,2.85,2.99,2.58,2.73,2.71,3.56,9.76,6.24,4.64,3.48,3.22,3.7,6.95,10.49,9.31,8.04,7.29,7.49,7.92,13.22,14.34,17.2,14.5
21,,,,,,0.96,1.11,1.54,2.2,2.27,3.19,3.08,3.89,9.0,7.66,6.04,4.21,3.64,3.95,6.16,7.69,9.83,9.29,7.33,6.35,5.69,6.52,8.18,12.23,17.2
22,,,,,,1.45,2.02,inf,5.91,2.68,1.87,1.78,2.2,4.75,5.38,4.0,3.06,2.9,3.27,5.42,7.16,6.71,6.39,6.44,6.48,6.95,9.09,12.38,18.21,22.65
23,,,,,,2.13,2.45,3.02,2.67,2.1,1.97,1.97,2.25,4.32,4.76,5.0,3.99,3.82,3.75,4.15,5.56,8.04,10.29,9.99,10.1,9.01,8.62,10.08,14.61,22.37
24,,,,,,11.54,12.45,14.67,28.64,26.37,22.07,19.27,18.91,24.05,10.24,6.84,4.93,4.37,4.16,4.64,4.8,4.91,5.59,6.18,6.78,6.25,6.38,6.34,8.3,10.33
25,,,,,,2.47,3.06,4.98,3.75,2.73,2.59,2.78,4.13,27.84,7.89,5.34,4.25,4.21,5.01,10.69,9.86,9.56,10.14,11.62,11.84,14.6,14.28,12.56,14.47,13.78
26,,,,,,1.62,1.64,2.17,2.31,2.17,2.44,3.11,3.45,5.98,6.01,6.01,4.4,3.92,3.74,4.91,5.83,7.18,7.51,6.97,6.79,7.93,9.93,12.72,21.71,20.99
27,,,,,,4.88,4.17,4.16,3.42,2.92,2.9,3.17,3.47,5.78,5.42,5.07,3.8,3.58,3.36,4.0,4.16,5.4,7.37,13.78,29.22,8.1,4.86,4.1,4.41,6.12
28,,,,,,1.66,1.69,1.99,2.59,2.04,2.21,2.63,2.83,4.54,7.22,5.46,4.07,4.09,4.09,5.67,8.6,13.01,11.79,9.4,7.58,7.73,9.48,13.72,29.96,44.26
29,,,,,,0.0,0.0,7.53,6.57,3.6,2.71,2.79,2.98,4.61,7.43,8.99,7.82,7.49,6.23,5.84,4.93,4.61,4.75,5.43,6.45,6.87,7.66,9.22,12.43,13.1
30,,,,,,1.64,1.58,1.7,2.18,2.12,2.53,3.4,3.51,5.38,4.58,4.07,3.69,3.96,4.4,7.14,8.04,9.14,11.07,11.75,12.53,15.3,15.86,18.63,24.31,24.78
31,,,,,,8.03,5.6,5.18,2.15,1.36,1.18,1.33,1.81,5.87,7.0,4.32,3.16,2.93,3.44,6.5,15.3,21.61,22.82,19.1,16.25,16.66,23.65,36.58,61.38,36.95
32,,,,,,1.72,2.26,3.61,6.42,2.87,1.93,1.8,2.18,4.39,6.24,6.78,4.42,3.6,3.83,6.11,9.59,10.25,7.43,5.06,4.2,4.71,7.57,8.41,10.23,10.53
33,,,,,,1.04,1.15,1.9,2.67,2.86,2.68,2.65,2.55,3.17,4.81,6.87,4.27,3.41,3.42,4.72,8.28,8.88,8.31,5.28,3.9,3.77,4.58,6.2,13.6,18.87
34,,,,,,2.84,3.35,4.89,2.86,2.05,1.75,1.73,2.17,5.15,5.53,6.56,5.36,5.73,5.68,7.6,7.67,7.99,8.08,10.42,11.02,14.64,18.52,28.51,46.73,99.61
35,,,,,,2.4,2.37,2.58,3.49,3.97,7.04,36.24,8.68,6.86,4.81,2.16,1.38,1.27,1.21,1.47,2.85,4.48,5.8,5.65,4.6,4.26,5.03,5.01,6.77,10.86
36,,,,,,0.78,1.0,1.51,4.24,2.76,2.07,1.93,2.2,3.98,4.92,5.87,4.52,3.95,3.72,4.85,5.95,7.54,10.31,9.11,7.69,7.36,7.98,8.95,13.78,17.49
37,,,,,,1.74,1.98,2.94,1.86,1.55,1.57,1.62,1.78,3.28,3.19,3.06,3.11,4.27,3.97,5.1,7.62,8.46,9.21,9.21,6.78,6.94,7.05,9.37,14.75,20.77
38,,,,,,2.0,1.94,2.02,2.22,2.0,2.02,2.05,2.14,3.21,3.82,3.91,3.26,3.09,2.91,3.76,4.89,6.13,7.93,7.81,6.74,7.24,8.84,11.95,18.18,22.63
39,,,,,,2.47,2.85,3.91,2.65,2.11,1.88,1.85,2.28,5.23,5.19,6.73,5.58,5.39,5.4,7.74,10.31,12.21,13.78,13.38,12.0,13.34,18.51,25.2,38.81,38.58
40,,,,,,1.9,1.42,1.26,1.35,1.56,2.55,4.9,4.94,7.33,7.07,3.79,2.72,2.27,2.24,2.77,4.88,7.01,11.66,12.02,12.4,12.17,11.61,13.14,15.71,17.82
41,,,,,,,,0.0,0.0,0.0,2.49,3.03,3.19,4.83,3.8,2.92,1.96,1.77,1.79,2.32,2.87,4.17,4.81,6.49,8.66,7.73,7.38,6.92,7.54,8.7
42,,,,,,55.02,5.6,3.43,2.39,2.39,2.46,3.02,3.05,4.29,4.32,4.74,3.83,3.83,3.96,6.01,7.89,9.44,12.76,15.69,13.02,9.87,8.15,7.48,9.18,13.47
43,,,,,,0.0,0.0,10.54,6.55,5.94,2.95,2.57,2.33,2.76,2.21,2.45,2.15,2.23,2.91,5.33,5.21,5.08,6.01,6.06,7.26,5.99,5.63,6.09,8.95,13.77
44,,,,,,8.97,5.72,5.89,3.89,3.07,2.94,3.93,4.99,11.86,5.26,3.4,2.59,2.52,2.61,4.04,4.95,6.82,7.93,11.85,9.32,7.3,7.37,10.41,14.54,18.02
45,,,,,,5.0,7.0,3.01,1.63,1.32,1.36,1.88,5.62,6.46,3.7,2.74,2.23,2.45,3.05,4.35,5.35,7.41,7.73,8.24,8.62,8.71,9.17,11.53,20.88,17.15
46,,,,,,,,,,,0.0,0.0,0.0,1.09,2.05,2.51,2.62,3.11,3.26,3.48,4.47,5.27,5.23,4.99,4.93,5.21,5.5,6.41,7.19,7.33
47,,,,,,,0.0,0.0,0.0,4.37,3.89,4.38,7.0,5.3,2.94,2.32,2.38,3.27,7.13,8.72,10.73,4.43,3.57,3.35,3.04,3.05,4.62,5.1,6.19,8.55
48,,,,,,2.73,3.18,3.58,3.01,3.61,2.98,3.16,4.55,7.8,5.75,4.41,3.63,3.78,4.76,5.58,7.81,7.76,6.49,5.46,4.22,3.84,4.84,6.37,6.97,7.11
49,,,,,,,,,,,0.0,0.0,0.0,-1.2486629536330718e+16,7.0,4.38,2.76,2.08,1.99,2.64,3.15,4.77,7.43,6.65,5.33,4.74,4.67,4.16,4.9,5.57
50,,,,,,,,,,,0.0,0.0,0.0,1.35,1.73,2.25,3.62,3.51,3.19,3.37,3.91,5.53,6.91,6.19,5.55,6.15,6.26,7.44,14.15,17.96
51,,,,,,,0.0,0.0,0.0,2.56,2.25,2.39,3.12,8.6,8.49,8.12,10.1,11.39,8.62,6.91,7.54,8.5,13.19,12.42,10.24,8.53,8.84,10.2,15.45,14.61
52,,,,,,2.1,2.45,2.76,1.57,1.45,1.2,1.21,1.52,3.87,4.36,5.07,5.7,5.43,4.71,4.98,5.49,6.75,8.76,8.01,6.81,6.05,5.49,5.76,7.88,9.48
53,,,,,,1.74,2.29,4.6,2.49,2.09,1.69,1.8,2.41,3.65,3.73,4.45,4.08,4.31,4.88,4.73,4.75,5.76,7.33,8.87,11.42,10.39,9.47,8.93,10.8,15.03
54,,,,,,7.49,10.49,inf,11.62,7.26,4.72,4.38,5.31,9.17,7.1,6.02,3.89,3.43,3.98,6.16,8.53,11.66,9.17,7.46,7.47,10.41,14.82,17.0,16.48,13.23
55,,,,,,3.15,4.42,inf,5.73,3.02,2.52,2.16,2.48,3.34,3.46,3.43,3.92,3.46,3.52,3.15,3.43,4.38,4.87,5.05,5.24,5.53,6.78,12.66,22.42,19.97
56,,,,,,0.0,0.0,1.44,1.79,2.82,2.01,1.79,1.99,2.26,3.26,4.09,4.06,3.62,3.52,4.05,4.91,6.99,9.35,8.27,7.5,7.86,7.69,8.96,12.43,13.11
57,,,,,,,,,,0.0,0.0,0.0,1.5,3.0,6.15,20.12,7.3,3.8,3.19,3.46,5.31,7.61,10.67,7.66,6.81,7.85,14.42,13.06,12.68,10.93
58,,,,,,,0.0,0.0,0.0,2.39,1.58,1.49,1.93,2.41,3.95,5.83,3.48,2.51,2.47,3.2,5.95,8.82,12.95,8.12,6.41,6.51,9.42,9.71,14.12,13.72
59,,,,,,,,,,,,0.0,0.0,0.0,2.09,1.86,2.33,1.98,1.79,2.15,3.32,4.21,8.71,10.39,7.92,6.39,5.9,5.89,8.07,11.38
60,,,,,,10.35,12.08,13.59,8.67,6.14,3.53,2.41,2.06,2.38,2.66,3.17,4.06,3.22,2.75,3.09,3.57,4.72,11.53,11.41,8.32,6.31,5.64,5.94,8.93,13.89
61,,,,,,,,,,,0.0,0.0,0.0,-13.59,7.0,2.17,1.64,1.51,1.76,3.23,5.77,6.37,7.44,6.54,5.54,5.64,5.62,7.02,11.07,16.09
62,,,,,,2.52,2.94,3.2,3.68,7.23,4.75,3.87,3.2,3.4,3.68,4.91,5.47,6.16,4.9,4.84,5.24,7.67,11.8,9.6,6.79,6.25,5.99,6.84,12.36,20.05
63,,,,,,,,,,,0.0,0.0,0.0,-0.0,-0.0,-0.0,,0.0,0.0,0.0,5.31,5.89,6.17,7.06,12.45,60.64,16.02,10.8,10.29,11.23
64,,,,,,,0.0,0.0,0.0,2.98,2.14,1.77,1.85,2.2,2.48,4.28,8.64,13.81,22.07,11.62,8.13,7.96,8.43,9.18,10.66,10.66,8.74,8.33,9.34,13.29
65,,,,,,6.78,9.5,4.71,2.83,2.47,1.69,1.67,2.37,2.22,2.58,4.23,3.13,2.93,3.49,4.08,5.25,8.08,11.02,6.35,4.34,4.25,3.95,4.64,9.24,12.67
66,,,,,,0.0,0.0,3.01,1.2,0.89,0.84,0.97,1.71,3.51,4.21,5.97,7.15,6.42,5.02,4.99,5.71,7.99,14.01,18.66,14.79,13.47,15.42,20.83,30.87,23.46
67,,,,,,,,,,,,0.0,0.0,0.0,1.4,2.95,2.98,3.14,4.54,3.88,3.71,5.11,6.14,6.32,6.08,5.93,5.06,5.65,9.13,14.28
68,,,,,,1.35,1.69,2.36,2.39,3.57,3.13,2.94,3.54,3.76,4.05,5.25,5.57,5.02,4.61,4.28,5.0,7.63,10.68,16.48,19.5,12.41,10.48,9.28,10.04,13.6
69,,,,,,8324419690887145.0,-4162209845443572.5,inf,4.42,2.76,2.23,2.33,3.56,28.78,4.93,2.76,1.91,1.73,2.0,3.41,4.57,6.02,6.81,6.7,6.02,4.77,4.2,4.2,5.19,6.75
70,,,,,,3.91,4.71,4.76,4.36,5.06,4.37,4.05,5.24,6.19,5.87,5.04,4.27,3.56,3.63,4.05,5.11,6.81,8.43,9.17,9.33,8.53,8.62,9.9,13.65,19.05
71,,,,,,,0.0,0.0,0.0,3.62,1.86,1.48,1.35,1.63,2.54,3.72,4.2,4.8,4.26,3.65,4.42,4.66,5.34,5.82,7.43,6.57,7.41,9.36,9.99,10.92
72,,,,,,1.47,1.77,1.93,2.04,2.79,2.07,1.9,2.37,2.61,2.94,3.45,3.47,3.29,3.94,4.22,4.7,6.21,9.57,10.89,10.65,10.64,10.64,11.46,18.41,27.87
73,,,,,,-28.87,-37.89,-60.62,-16.87,-52.42,22.71,8.73,5.58,3.93,5.29,6.04,5.33,4.58,4.78,4.29,5.08,7.72,11.76,9.09,9.69,6.47,5.39,5.26,7.01,8.1
74,,,,,,,0.0,0.0,0.0,9.22,5.06,3.98,3.51,3.56,5.14,6.57,6.52,6.2,4.93,4.59,5.51,6.51,8.73,8.17,7.17,5.48,5.01,4.94,6.5,7.98
75,,,,,,,0.0,0.0,0.0,2.91,2.03,1.89,2.28,3.64,5.24,5.3,4.99,3.48,3.17,3.08,3.34,4.39,10.36,9.74,7.9,6.86,6.27,7.19,12.45,16.65
76,,,,,,116.68,136.12,12.01,5.03,3.36,2.7,2.78,3.39,4.29,5.24,6.06,6.03,6.95,6.51,6.47,7.6,9.03,10.26,9.82,9.22,8.84,9.43,12.08,19.69,20.78
77,,,,,,,,,,,0.0,0.0,0.0,11.44,12.59,3.72,2.44,2.51,2.69,2.58,3.19,3.42,4.44,8.81,14.93,16.21,30.37,23.98,16.96,15.35
78,,,,,,1.75,2.04,1.94,2.45,6.04,4.16,3.18,3.47,3.68,3.08,3.27,2.8,2.21,2.23,3.17,3.59,5.19,7.24,7.22,6.8,8.65,8.01,8.81,11.34,13.43
79,,,,,,,0.0,0.0,0.0,6.04,4.14,3.82,3.82,3.88,4.72,5.75,5.1,4.94,4.18,3.36,3.47,4.36,5.03,6.44,9.25,5.92,5.3,5.24,5.27,5.9
80,,,,,,6243314768165359.0,-2081104922721786.2,1.2486629536330718e+16,-5.73,-4.54,-9.6,6.46,2.45,1.68,2.06,2.91,3.22,2.59,2.31,2.55,3.3,4.05,3.99,3.68,3.84,4.01,5.49,5.95,6.29,7.15
81,,,,,,5.0,7.0,inf,3.5,1.55,1.14,1.08,1.28,2.33,4.23,4.7,4.74,4.78,4.66,4.82,5.58,6.2,8.3,9.62,9.85,7.5,6.5,6.66,9.33,16.09
82,,,,,,,,,,,,0.0,0.0,0.0,-2.41,-3.86,-3121657384082679.5,6.46,3.34,2.39,2.19,2.64,5.36,10.44,42.08,15.54,9.72,7.68,7.94,10.44
83,,,,,,,0.0,0.0,0.0,6.15,3.54,2.9,3.09,3.94,4.26,6.29,5.53,4.67,4.43,4.86,5.17,5.01,4.95,5.21,6.02,7.36,10.74,12.98,14.45,18.58
84,,,,,,,0.0,0.0,0.0,1.49,1.41,1.63,2.83,4.74,6.97,6.17,5.63,5.08,4.47,4.92,4.79,4.69,4.82,5.0,5.29,5.98,6.88,8.18,15.7,23.37
85,,,,,,inf,inf,3.5,1.85,1.37,1.12,1.1,1.5,1.86,2.35,3.51,4.23,4.04,4.48,5.88,5.82,6.04,7.12,6.93,6.35,5.8,5.35,5.75,8.92,14.07
86,,,,,,inf,inf,inf,7.0,3.2,2.22,1.92,2.19,3.83,2.9,2.5,1.9,1.7,1.62,1.97,2.12,3.07,4.09,6.31,5.39,3.81,3.72,4.08,5.53,6.7
87,,,,,,,0.0,0.0,0.0,2.19,1.78,1.88,2.46,7.48,5.78,4.53,3.74,3.32,3.17,2.9,3.01,3.28,4.64,5.59,8.46,6.29,5.58,5.63,8.16,11.63
88,,,,,,8.55,11.97,16.87,5.6,2.89,1.96,1.57,1.48,1.61,1.97,2.62,3.55,4.62,4.69,4.31,4.74,5.93,6.47,6.2,5.71,4.88,5.16,6.64,9.68,13.13
89,,,,,,,,0.0,0.0,0.0,-0.0,-0.0,-0.0,,,,,,0.0,0.0,0.0,8.36,9.05,13.56,15.06,14.81,15.46,13.3,14.54,17.26
90,,,,,,0.0,0.0,2.37,2.47,3.67,2.57,2.5,2.97,3.98,5.57,12.11,9.04,6.73,4.51,4.0,4.57,7.88,20.93,19.92,12.45,6.74,4.66,4.45,5.77,6.28
91,,,,,,,0.0,0.0,0.0,2.06,2.06,1.63,1.88,2.08,1.88,2.19,4.06,3.76,3.85,4.69,4.68,5.72,9.94,21.63,16.84,16.62,11.09,9.78,11.41,19.14
92,,,,,,,,,,0.0,0.0,0.0,1.43,3.51,3.59,3.2,3.28,3.58,3.33,4.28,6.16,8.03,11.22,9.11,7.45,6.99,7.93,9.2,13.55,13.4
93,,,,,,5.7,6.65,4.18,2.15,1.89,1.66,1.7,1.9,2.45,2.42,3.06,3.36,3.77,3.52,3.6,4.39,8.06,9.61,9.13,10.09,8.44,7.61,8.54,9.3,10.71
94,,,,,,,0.0,0.0,0.0,1.23,1.01,1.07,1.59,2.1,3.33,6.24,7.36,5.21,4.7,4.35,4.38,5.21,6.42,5.29,5.29,6.35,8.06,13.32,21.14,17.34
95,,,,,,3.33,3.89,1.94,1.28,1.07,0.92,1.0,1.47,2.06,3.02,4.03,4.65,4.84,4.86,4.92,5.74,7.42,10.55,8.81,8.13,7.93,8.21,9.16,12.33,12.94
96,,,,,,,,,,0.0,0.0,0.0,1.49,2.14,1.96,2.28,2.31,3.28,3.1,3.1,3.61,5.84,6.86,6.69,7.98,7.76,8.01,10.49,15.69,17.25
97,,,,,,2.84,3.39,3.09,3.17,4.5,3.28,3.21,3.54,3.59,4.34,5.56,5.02,5.07,4.64,5.24,6.53,7.74,9.7,9.71,8.17,8.61,7.98,8.46,12.05,19.74
98,,,,,,1.44,1.67,1.88,2.33,5.58,3.67,3.41,3.65,5.43,5.32,4.27,3.11,2.89,2.86,3.41,4.54,5.8,6.4,7.85,8.02,8.29,7.55,8.34,9.71,13.22
99,,,,,,,0.0,0.0,0.0,1.77,1.32,1.17,1.33,2.34,4.29,4.86,6.6,7.24,7.05,9.96,15.14,14.61,14.2,18.43,17.24,21.17,13.42,10.23,10.58,11.9
100,,,,,,19.01,26.61,5.3,2.18,1.49,1.33,1.51,2.02,2.48,2.64,2.86,3.38,5.47,6.42,6.38,6.56,7.47,9.2,11.42,12.53,11.45,10.91,12.04,14.96,20.86
101,,,,,,,0.0,0.0,0.0,1.59,1.34,1.32,1.64,2.14,2.69,3.37,4.85,6.18,6.98,6.26,5.91,6.84,6.7,6.27,6.14,6.83,6.88,9.69,12.22,15.41
102,,,,,,,,,,,0.0,0.0,0.0,1.74,2.39,2.81,3.01,3.77,3.4,3.29,3.67,4.06,4.8,6.28,6.49,5.64,5.45,6.05,8.55,12.44
103,,,,,,2.75,3.23,3.15,2.78,3.7,2.45,2.32,2.96,2.83,2.62,3.39,3.31,4.11,8.45,7.24,6.51,7.28,7.4,7.96,9.08,9.17,10.32,12.2,14.68,19.54
104,,,,,,2.79,3.26,2.37,1.91,2.08,1.78,1.88,2.74,3.92,5.23,6.7,6.16,5.61,5.87,5.53,7.04,7.96,8.46,7.78,10.31,9.06,9.97,12.74,18.7,20.34
105,,,,,,1.67,1.94,1.99,2.13,3.56,2.54,2.24,2.13,2.36,2.65,3.61,4.58,7.67,6.62,5.47,5.96,6.86,6.54,6.97,6.23,6.0,6.62,9.17,12.18,12.15
106,,,,,,,,,,,,,0.0,0.0,0.0,2.46,4.4,4.66,4.32,4.7,5.46,6.36,6.23,8.02,8.3,8.36,9.1,11.9,17.97,18.2
107,,,,,,2.52,2.94,3.31,2.27,2.41,2.11,2.35,3.69,84.89,7.3,3.82,3.18,3.38,3.31,4.37,4.14,4.19,5.64,8.15,7.12,6.3,5.96,7.46,17.28,34.12
108,,,,,,6243314768165359.0,-3121657384082679.5,inf,-6243314768165359.0,-1.2486629536330718e+16,8.67,3.88,3.07,2.18,2.08,2.57,2.8,3.11,4.44,4.17,4.58,5.78,7.58,9.03,8.96,8.02,6.55,6.01,7.67,9.01
109,,,,,,0.0,0.0,inf,7.0,4.37,2.94,2.76,1.34,1.14,1.05,1.1,1.33,2.51,2.27,2.35,2.91,3.25,3.92,4.25,4.37,4.69,5.11,6.22,9.52,12.45
110,,,,,,5.08,6.04,6.2,5.18,4.09,2.86,2.61,3.15,4.15,5.53,4.71,3.63,3.34,3.95,4.68,6.75,8.46,8.68,8.29,7.49,7.05,8.37,7.46,7.7,7.83
111,,,,,,3.33,3.89,2.2,1.59,1.41,1.24,1.24,1.67,2.03,2.51,3.03,4.0,4.89,4.42,4.52,5.42,5.68,5.53,6.4,5.45,4.97,5.68,7.21,8.73,10.86
112,,,,,,25.95,36.34,3.99,2.2,1.77,1.74,2.17,4.47,5.85,7.04,7.19,7.96,19.47,22.62,24.61,24.49,11.86,8.4,11.64,13.84,12.4,13.51,13.96,13.58,13.66
113,,,,,,3.33,3.89,4.37,4.17,6.45,4.17,3.4,2.87,3.3,3.01,2.87,2.87,3.32,3.35,4.06,5.15,5.51,6.97,7.3,5.72,4.92,4.67,5.18,8.74,18.28
114,,,,,,,0.0,0.0,0.0,1.82,1.72,2.02,3.98,3.12,2.94,2.84,3.0,3.85,6.89,4.41,4.28,4.25,4.53,6.12,7.23,5.29,4.7,5.07,6.66,10.54
115,,,,,,4.52,5.28,2.53,1.94,1.94,1.97,2.56,7.09,6.62,5.95,5.11,4.81,4.22,4.36,3.33,3.38,3.81,4.83,5.1,4.81,4.04,4.15,5.11,8.34,15.44
116,,,,,,2.07,2.51,2.83,2.66,3.18,2.89,3.39,6.19,6.4,5.82,4.18,3.25,3.46,4.0,3.22,3.45,3.97,4.7,6.01,6.67,5.87,5.68,6.2,9.59,11.96
117,,,,,,,0.0,0.0,0.0,2.37,2.31,2.92,6.82,10.3,17.25,11.68,7.24,6.08,6.22,8.47,27.3,49.69,23.71,9.39,5.91,4.75,4.54,5.09,7.35,9.38
118,,,,,,,0.0,0.0,0.0,1.17,0.97,1.03,1.47,3.01,4.92,6.94,6.84,7.03,6.93,7.46,8.83,12.04,15.84,11.78,8.97,7.72,7.03,7.02,10.14,11.85
119,,,,,,6.19,8.67,36.34,3.39,1.81,1.43,1.4,1.73,3.22,4.91,6.38,7.51,7.84,7.31,6.45,6.79,8.24,11.37,10.64,9.27,7.59,6.7,6.62,9.24,11.33
120,,,,,,,,,,,0.0,0.0,0.0,1.87,2.1,3.37,3.83,4.28,4.89,5.56,6.6,8.25,8.71,7.35,6.39,5.6,5.36,6.38,8.08,11.2
121,,,,,,,0.0,0.0,0.0,1.26,2.53,-4.994651814532287e+16,30.11,3.78,1.15,0.73,0.9,1.99,4.33,3.65,3.88,5.22,7.15,17.74,15.1,9.48,7.25,7.13,9.25,11.96
122,,,,,,1.59,1.98,2.58,2.4,2.65,2.23,1.64,1.67,1.84,2.3,3.07,5.4,5.18,3.6,3.05,3.24,4.07,5.23,10.58,9.77,8.17,7.25,8.17,11.82,15.42
123,,,,,,5.7,5.59,3.08,2.15,3.05,2.38,2.32,3.18,3.31,3.29,3.91,2.96,2.48,2.66,2.68,3.28,5.55,5.82,5.52,5.87,5.26,5.46,6.43,6.98,7.55
124,,,,,,1.12,1.35,1.67,1.69,2.38,1.88,1.9,2.4,3.56,4.65,5.72,4.84,3.92,3.47,3.35,4.02,5.6,6.49,6.07,5.65,5.89,6.83,8.45,8.37,8.8
125,,,,,,inf,inf,7.0,2.2,1.61,1.44,1.67,3.0,10.54,11.97,10.19,5.05,3.95,3.88,3.92,4.91,6.27,4.96,4.86,6.25,6.85,7.4,10.88,10.13,8.67
126,,,,,,1.35,1.65,1.91,1.97,3.06,2.66,2.97,5.11,4.92,3.91,3.68,3.09,3.27,4.91,5.73,5.61,6.0,5.24,4.48,4.58,4.76,4.57,5.4,8.01,9.79
127,,,,,,,,,,,0.0,0.0,0.0,23.95,7.22,3.32,2.72,2.4,2.97,2.77,3.29,2.84,2.9,2.96,3.96,5.33,10.06,10.54,9.4,9.17
128,,,,,,,0.0,0.0,0.0,2.27,2.01,1.76,2.01,2.85,3.15,3.3,4.81,4.47,4.97,5.55,6.32,5.83,5.68,5.28,5.1,5.77,6.23,7.13,7.33,8.92
129,,,,,,2.88,3.48,3.8,4.2,5.57,4.45,4.01,4.3,4.35,5.49,7.35,13.59,14.68,5.73,3.8,3.49,3.77,5.46,9.7,9.1,9.62,11.31,13.29,18.12,20.08
130,,,,,,,0.0,0.0,0.0,2.21,1.74,1.81,2.17,2.29,2.94,3.83,4.34,5.92,5.97,5.54,5.75,6.84,6.89,6.01,5.11,5.01,5.2,6.66,9.68,11.65
131,,,,,,0.0,0.0,3.2,1.99,1.66,1.31,1.37,1.72,2.35,2.66,3.14,3.54,5.61,7.88,7.24,6.44,6.38,5.12,4.51,4.04,4.06,4.46,6.06,8.25,9.51
132,,,,,,0.0,0.0,1.17,1.21,1.88,1.61,1.73,1.88,2.3,2.32,2.66,3.23,5.72,4.52,4.36,4.59,4.83,5.47,6.65,6.42,6.05,6.78,8.66,12.47,16.93
133,,,,,,3.33,3.89,3.04,2.62,3.17,2.34,2.21,2.43,2.62,2.65,3.5,3.38,3.53,3.52,3.71,3.85,4.76,5.3,5.41,5.87,5.97,5.73,6.22,7.63,8.57
134,,,,,,,,,,0.0,0.0,0.0,3.74,3.56,3.6,4.39,4.29,3.96,4.05,4.37,5.17,6.85,10.88,10.28,11.02,9.41,8.36,8.77,13.15,23.16
135,,,,,,,0.0,0.0,0.0,4.97,5.24,7.44,4.03,2.89,2.44,2.23,2.4,3.62,3.2,3.48,4.81,6.34,7.49,7.1,5.89,4.99,4.92,5.59,8.01,11.16
136,,,,,,2.36,2.75,2.09,1.83,2.01,1.73,1.82,2.37,2.81,3.44,4.01,4.74,5.76,5.82,5.51,6.71,8.33,10.45,10.17,9.21,8.22,8.61,11.35,19.7,30.52
137,,,,,,,0.0,0.0,0.0,3.87,2.27,1.69,1.43,1.52,2.26,2.4,3.38,3.38,2.88,2.77,3.2,4.04,9.93,9.06,7.35,6.37,6.39,7.55,13.2,12.84
138,,,,,,,,,,0.0,0.0,0.0,1.36,2.13,2.11,2.21,2.95,4.19,3.66,3.74,3.57,4.08,5.9,6.25,5.84,5.34,4.75,4.89,7.16,9.53
139,,,,,,,0.0,0.0,0.0,2.93,2.59,2.77,3.62,4.03,3.91,4.59,5.2,4.23,3.66,3.7,4.2,5.74,14.09,12.16,12.19,11.11,10.32,11.3,18.42,21.14
140,,,,,,27.69,38.77,6.47,2.84,2.16,2.04,2.11,2.92,3.73,3.89,4.75,7.43,10.31,14.38,20.75,23.59,18.43,16.02,12.36,12.62,12.03,10.92,10.58,14.1,17.0
141,,,,,,2.34,2.7,3.1,3.9,3.36,2.81,2.81,3.1,3.75,5.41,6.12,5.55,5.62,4.85,5.53,5.59,6.99,10.46,11.88,10.09,9.59,10.57,13.04,18.49,19.12
142,,,,,,0.0,0.0,0.0,2.13,2.2,2.7,2.69,2.9,4.42,4.94,7.08,7.99,7.18,7.27,8.63,10.04,12.48,12.17,11.77,10.41,9.37,9.09,9.11,9.59,11.43
143,,,,,,,,,0.0,0.0,0.0,2.76,2.45,1.77,1.62,2.05,2.05,2.62,6.74,10.07,10.26,10.35,7.89,5.65,5.32,5.23,5.87,9.0,11.98,12.06
144,,,,,,1.77,2.07,2.29,3.84,4.58,7.61,9.18,11.31,10.54,8.8,9.39,10.72,16.79,20.9,29.19,29.79,31.28,35.04,27.24,31.48,30.34,37.69,80.03,-3121657384082679.5,-2081104922721786.2
145,,,,,,0.0,0.0,0.0,1.24,1.22,1.33,2.33,2.54,3.88,4.71,7.87,5.91,4.25,3.84,3.75,4.64,5.96,6.95,6.32,6.51,6.91,10.15,16.46,19.83,27.22
146,,,,,,4.52,5.94,9.5,26.61,10.88,6.85,6.2,7.25,13.19,7.84,4.93,3.83,2.84,2.91,4.27,6.06,6.72,9.75,8.1,5.53,5.43,7.5,9.67,9.04,13.03
147,,,,,,,,,,0.0,0.0,0.0,2.62,3.97,5.28,4.85,6.05,14.78,16.63,26.61,-6243314768165359.0,-6243314768165359.0,31.48,8.04,4.71,3.85,3.87,5.33,5.42,5.26
148,,,,,,5.7,5.18,3.82,3.34,2.94,2.89,3.97,3.8,3.34,3.18,3.39,3.77,4.93,4.53,4.31,5.33,6.71,7.51,6.48,5.85,5.99,6.47,7.73,8.78,9.3
149,,,,,,10.35,3.7,2.77,2.37,2.25,2.62,5.2,3.81,3.46,3.16,3.15,3.48,5.91,8.68,12.88,17.65,16.15,11.19,10.47,10.18,12.06,14.82,16.87,16.99,21.92
150,,,,,,inf,inf,3.01,1.59,1.15,1.03,1.1,1.78,2.54,4.02,4.88,5.57,4.09,3.52,4.14,5.12,5.76,7.49,9.46,8.99,10.58,11.82,15.18,16.27,21.95
151,,,,,,8.55,5.3,5.94,5.28,4.85,6.05,14.78,5.4,4.21,3.86,3.92,5.35,14.21,11.58,10.44,8.86,8.76,8.74,8.4,7.26,6.93,8.74,11.81,17.57,19.75
152,,,,,,1.51,1.54,1.82,1.87,1.9,2.17,2.69,3.11,4.48,5.46,9.91,9.26,8.78,7.0,7.18,8.8,13.8,25.85,35.13,33.43,35.0,52.98,58.66,36.74,36.12
153,,,,,,inf,-0.0,-0.0,-0.0,,0.0,0.0,0.0,2.38,17.49,19.67,11.97,8.05,3.21,2.5,3.65,7.94,39.8,-15.68,28.02,5.36,6.14,8.11,7.86,9.8
154,,,,,,,,0.0,0.0,0.0,0.98,0.98,1.3,3.85,3.44,4.28,3.17,2.59,2.84,3.58,3.29,3.75,5.09,6.22,6.69,5.74,4.6,4.65,6.38,15.5
155,,,,,,0.0,0.0,0.0,2.93,2.28,2.45,3.18,2.65,2.77,3.78,4.18,4.72,4.82,4.5,3.12,3.12,3.98,5.33,5.64,6.21,4.55,4.23,4.99,8.91,17.56
156,,,,,,,,,,,,0.0,0.0,0.0,3.5,1.85,1.54,1.45,1.81,4.27,7.48,11.97,-6243314768165359.0,-3121657384082679.5,-6243314768165359.0,inf,13.19,6.63,4.78,4.64
157,,,,,,2.63,2.77,2.8,2.48,2.34,3.13,3.82,7.41,15.92,20.43,12.11,8.1,7.14,9.01,9.68,11.91,17.82,22.95,21.26,19.23,20.63,21.84,28.03,38.15,121.28
158,,,,,,5.0,2.2,1.38,1.24,1.44,2.23,5.21,4.86,3.85,3.87,4.52,4.03,5.07,4.63,5.38,8.83,15.04,11.0,9.18,7.4,7.71,10.33,14.27,17.11,17.04
159,,,,,,,,,,,0.0,0.0,0.0,3.5,21.74,13.59,12.08,5.87,4.44,4.26,4.28,5.72,5.55,4.04,3.59,3.75,5.28,21.23,53.34,42.68
160,,,,,,7.27,7.69,7.71,8.71,4.34,3.49,3.55,3.36,4.03,5.77,5.99,5.79,8.32,7.44,8.19,9.43,13.02,12.84,16.29,16.22,13.55,14.25,16.65,16.95,17.38
161,,,,,,1.16,1.46,1.79,4.08,3.77,4.75,6.13,15.7,33.91,inf,-70.33,209.66,54.24,16.08,10.3,9.24,9.57,10.16,18.78,24.64,37.07,52.58,24.35,18.86,23.78
162,,,,,,2.35,2.14,2.68,2.96,2.41,2.33,2.97,2.96,3.19,4.18,4.46,4.48,4.8,5.37,6.84,8.17,9.66,11.03,12.73,12.94,12.73,12.41,14.0,15.61,17.48
163,,,,,,2.15,2.03,2.39,2.24,2.74,4.23,4.52,4.99,6.07,4.69,3.9,3.04,2.95,3.41,5.0,6.54,7.08,7.74,8.75,8.57,11.57,13.14,14.9,18.24,19.02
164,,,,,,,,0.0,0.0,0.0,1.83,2.37,2.42,3.4,5.55,6.69,7.0,4.59,3.73,4.0,4.81,6.37,9.06,10.25,9.66,10.2,12.23,13.6,17.69,20.43
165,,,,,,2.15,1.76,1.52,1.32,1.42,1.94,1.46,1.43,1.92,2.4,3.72,5.69,4.45,4.17,4.89,6.09,8.16,8.99,9.59,10.06,10.63,13.46,17.42,22.3,23.49
166,,,,,,3.59,4.16,8.01,2.54,1.82,1.65,1.6,2.06,4.92,5.41,6.57,6.73,6.85,6.28,6.45,6.4,6.35,6.25,7.56,7.62,8.05,9.37,11.2,12.21,12.68
167,,,,,,5.0,1.99,1.43,1.34,1.44,2.11,4.13,4.4,6.39,8.86,8.26,7.23,6.79,8.5,11.88,11.35,11.04,12.87,9.85,10.43,9.21,9.29,11.31,24.08,21.56
168,,,,,,5.0,3.16,2.79,2.01,1.74,2.08,2.3,2.53,4.09,5.52,5.69,7.09,6.39,7.1,8.23,9.49,10.48,9.99,11.41,12.56,12.42,11.6,12.68,15.55,28.13
169,,,,,,1.67,1.37,1.18,1.09,1.28,1.95,1.79,1.69,2.22,2.62,3.85,4.85,6.81,7.66,7.07,7.11,7.24,8.82,9.71,15.75,13.09,13.01,15.4,21.45,25.7
170,,,,,,0.0,0.0,4.37,3.89,3.47,3.4,4.3,3.95,4.51,7.91,15.21,26.76,28.11,19.25,13.93,10.22,7.87,6.85,4.69,3.99,4.02,3.64,4.07,6.09,6.08
171,,,,,,4.09,2.28,1.93,1.6,1.55,1.89,2.74,2.79,3.87,5.47,6.32,5.36,6.24,5.81,6.3,8.09,10.96,11.3,13.47,12.77,13.86,17.15,21.4,25.04,24.13
172,,,,,,,,,,,0.0,0.0,0.0,5.47,9.06,13.0,9.93,7.45,6.34,6.3,7.56,9.5,12.66,17.01,23.51,19.49,17.91,18.94,21.48,17.25
173,,,,,,1.51,1.55,2.09,2.11,2.76,5.72,5.3,5.01,6.52,8.46,12.34,8.41,6.54,5.69,5.87,7.69,13.45,21.36,15.35,15.12,10.89,10.2,11.63,16.38,11.91
174,,,,,,4.27,2.61,2.24,2.22,2.5,3.43,3.58,2.52,2.45,2.75,3.39,4.29,5.24,5.96,6.55,7.42,8.88,10.95,10.52,13.86,11.72,9.81,8.89,9.74,9.73
175,,,,,,,,,0.0,0.0,0.0,1.08,1.37,3.1,8.19,4.41,3.22,2.7,2.91,4.08,10.47,12.36,19.45,16.11,14.34,12.66,15.03,17.13,29.01,50.96
176,,,,,,1.35,1.16,1.17,1.13,1.37,2.76,3.48,3.96,6.4,8.12,9.12,6.12,4.95,4.56,5.04,5.2,6.63,6.43,5.87,5.65,7.07,7.87,9.16,11.85,14.15
177,,,,,,2.5,2.19,1.94,1.85,1.96,2.71,2.1,2.15,3.07,4.82,6.38,7.15,5.9,5.87,6.39,8.26,8.36,9.51,9.78,11.62,11.3,13.71,16.11,23.33,28.98
178,,,,,,3.53,2.17,2.28,2.08,2.36,3.8,15.15,8.86,5.66,4.12,3.63,3.71,3.97,5.04,6.87,9.59,13.71,20.58,20.07,18.21,17.98,24.06,34.2,30.99,21.49
179,,,,,,,,,0.0,0.0,0.0,1.63,1.7,2.68,2.72,3.09,5.53,4.83,4.34,4.05,4.84,5.52,8.0,5.97,5.67,5.0,4.74,5.43,8.4,8.89
180,,,,,,1.93,1.94,3.74,2.16,1.77,1.74,1.85,2.0,3.0,3.4,4.11,5.16,4.78,5.64,6.32,7.29,8.76,13.0,11.79,13.28,10.75,9.84,10.65,15.55,16.74
181,,,,,,inf,inf,inf,3.5,2.19,1.78,1.88,2.15,4.37,3.5,3.23,2.99,3.7,3.73,4.69,6.25,7.77,2.01,1.45,2.56,9.87,-4.74,-2.05,-3.9,9.06
182,,,,,,1.78,1.72,2.15,2.25,3.0,6.72,6.19,5.51,6.4,5.33,4.95,4.25,3.8,3.72,4.31,4.68,5.61,7.24,9.63,11.89,10.31,11.96,16.7,23.85,21.25
183,,,,,,0.0,0.0,0.88,0.87,1.03,2.03,3.18,3.46,5.3,10.12,9.01,7.47,6.62,6.7,5.45,5.47,6.05,7.97,8.24,10.6,7.81,6.36,6.72,9.35,12.37
184,,,,,,8.55,5.18,4.08,2.45,1.92,1.86,2.03,2.32,3.71,4.37,4.54,4.29,5.13,6.08,6.8,7.59,9.48,13.38,11.95,10.82,9.14,8.6,10.12,18.29,17.48
185,,,,,,6.78,4.35,4.21,2.41,2.0,2.06,2.47,3.12,7.62,9.92,10.91,8.32,6.18,6.23,6.7,7.04,8.65,9.39,7.72,8.89,8.95,8.82,10.87,16.71,15.58
186,,,,,,,,,0.0,0.0,0.0,3.2,2.02,1.83,1.99,2.4,2.53,2.85,3.05,4.56,6.58,7.0,6.74,6.47,7.31,12.6,11.22,10.81,13.13,13.1
187,,,,,,0.0,0.0,1.4,1.19,1.11,1.44,2.02,2.2,3.34,6.66,6.13,6.36,4.75,4.7,4.68,6.74,7.91,7.91,7.0,7.24,7.2,9.05,12.23,18.85,22.26
188,,,,,,1.78,1.6,2.59,2.37,2.69,2.38,2.99,2.69,2.65,2.79,4.14,3.65,3.77,5.57,8.91,8.7,8.47,9.61,9.69,13.34,19.86,23.05,24.67,34.95,30.12
189,,,,,,,,,0.0,0.0,0.0,1.25,1.33,1.79,5.31,6.98,7.18,10.1,10.5,9.62,9.02,10.88,10.23,15.49,12.26,9.3,9.78,15.19,15.18,21.53
190,,,,,,6.87,6.14,4.39,4.66,3.25,2.91,3.26,4.01,4.57,6.37,6.36,6.87,8.23,6.86,7.15,7.18,7.87,6.89,8.38,7.04,7.02,8.62,19.02,26.36,40.24
191,,,,,,,,,0.0,0.0,0.0,1.57,1.73,2.6,13.09,10.04,8.33,8.92,9.3,12.76,17.49,19.67,10.56,7.64,5.21,4.91,6.02,12.67,23.69,44.19
192,,,,,,2.1,2.37,2.15,2.98,2.45,2.52,3.44,6.0,6.37,10.17,9.82,8.71,9.06,6.16,5.25,5.82,7.06,9.37,26.66,34.95,34.23,34.55,42.12,26.93,24.15
193,,,,,,2.36,2.57,2.93,5.77,5.99,5.68,8.14,10.05,9.98,10.43,10.69,8.47,8.76,10.17,15.63,19.16,16.02,12.94,10.16,7.52,7.26,7.16,9.65,17.25,34.87
194,,,,,,1.67,1.75,2.13,4.82,2.38,1.73,1.7,1.74,2.37,7.69,14.61,14.83,12.83,8.24,7.48,9.45,10.79,11.23,16.67,14.99,14.31,18.1,44.02,34.04,29.31
195,,,,,,1.67,1.99,2.08,3.62,2.19,1.85,2.02,2.8,3.61,8.79,11.69,10.47,10.51,6.44,5.3,5.33,6.83,7.34,13.78,10.27,8.78,10.01,17.23,21.07,21.13
196,,,,,,4162209845443572.5,26.61,16.63,14.78,6.05,4.11,3.38,3.23,4.03,7.3,10.1,8.64,6.98,4.76,4.72,4.94,6.77,5.6,6.28,5.46,6.1,7.76,18.6,26.59,34.4
197,,,,,,1.19,1.56,2.33,7.84,4.65,4.08,3.31,3.38,3.88,3.82,3.95,4.6,4.22,4.04,3.85,4.41,6.22,8.46,12.09,15.45,10.87,10.62,12.87,14.62,17.74
198,,,,,,1.44,1.49,1.5,2.17,2.39,2.7,3.95,5.59,6.29,8.42,9.15,10.48,7.74,8.23,8.45,8.28,8.31,9.31,7.31,6.96,8.36,12.22,16.13,47.18,179.25
199,,,,,,3.33,2.4,1.85,1.73,1.6,1.92,2.48,2.72,2.24,2.05,2.09,2.91,3.43,4.84,4.19,4.68,5.28,6.33,7.42,8.39,7.82,8.47,11.58,17.3,24.12
200,,,,,,4.92,5.99,4.04,3.15,2.69,2.46,2.76,4.61,8.25,8.67,7.1,5.63,4.55,4.32,5.49,7.16,8.33,8.81,9.16,9.43,11.68,20.66,27.54,26.5,27.75
201,,,,,,0.0,0.0,0.0,3.89,4.37,4.42,5.18,2.58,1.94,1.83,2.16,2.86,4.26,3.78,3.87,4.49,4.71,6.48,10.52,10.18,9.4,10.12,8.42,8.67,11.56
202,,,,,,4.52,5.94,7.0,4.93,2.63,1.96,1.96,2.61,3.9,4.85,5.69,5.04,5.53,9.58,12.84,18.23,27.15,26.25,17.45,16.33,17.63,29.29,27.23,33.31,22.19
203,,,,,,1.44,1.88,2.71,16.63,14.78,16.63,26.61,9.5,5.94,5.28,4.21,4.1,5.92,5.78,7.5,13.71,14.87,10.05,9.82,10.91,17.65,18.49,24.73,21.99,24.73
204,,,,,,0.0,0.0,0.0,7.81,5.71,4.01,3.13,3.44,3.79,3.75,4.68,5.87,5.62,7.4,14.52,22.7,14.24,11.05,8.46,7.12,7.07,9.38,11.29,12.87,19.83
205,,,,,,0.0,0.0,0.0,10.54,4.5,3.58,3.75,5.42,8.67,-1.2486629536330718e+16,-6243314768165359.0,-6243314768165359.0,-1.2486629536330718e+16,-6243314768165359.0,-6243314768165359.0,-6243314768165359.0,36.34,22.71,20.19,14.64,11.35,12.75,12.83,10.35,8.8
206,,,,,,1.05,1.32,1.3,1.83,2.27,2.48,2.51,3.97,3.73,3.55,4.01,6.14,5.42,5.01,5.66,7.22,10.05,12.78,15.63,13.25,12.12,12.17,14.54,15.23,12.16
207,,,,,,1.2486629536330718e+16,-6243314768165359.0,11.97,7.48,6.65,7.48,11.97,9.5,4.85,4.01,3.73,4.1,6.13,6.21,6.48,9.48,10.35,12.22,6.61,5.16,5.32,7.48,8.67,19.67,13.17
208,,,,,,0.0,0.0,0.0,2.45,2.38,2.28,2.9,5.34,6.94,6.89,8.39,8.6,10.25,9.05,7.58,7.55,9.71,8.92,7.81,8.26,7.64,8.78,15.88,21.78,22.1
209,,,,,,,0.0,0.0,0.0,3.36,2.74,3.07,3.23,4.7,7.03,7.0,5.25,4.4,3.87,4.34,6.35,8.79,13.94,17.6,11.62,9.93,9.46,8.27,8.9,12.98
210,,,,,,0.0,0.0,0.0,1.89,1.28,1.15,1.29,2.14,2.96,4.9,6.07,6.51,5.95,6.45,6.72,5.24,5.54,5.66,6.25,6.82,8.16,8.38,8.0,7.89,9.98
211,,,,,,2.1,2.14,2.53,2.84,2.09,1.78,1.82,2.0,3.3,4.49,8.41,7.44,4.99,3.63,3.62,4.06,6.21,7.85,11.2,8.87,7.94,8.9,11.63,11.37,12.53
212,,,,,,5.7,6.65,2.78,2.14,2.01,1.8,1.94,2.98,3.42,4.97,9.02,12.69,10.61,6.69,5.58,5.9,6.47,5.89,5.88,5.94,6.46,8.97,15.92,20.97,25.24
213,,,,,,2.41,3.09,2.71,4.07,2.59,2.06,1.95,2.47,3.48,4.56,6.59,6.3,5.13,5.01,5.81,6.78,12.16,18.85,10.17,7.99,5.87,5.8,6.95,11.79,13.74
214,,,,,,,0.0,0.0,0.0,7.0,2.69,2.06,2.06,2.2,3.24,3.64,3.05,2.32,2.51,2.9,3.72,4.67,9.8,7.5,6.88,8.06,9.59,8.86,11.89,11.98
215,,,,,,,0.0,0.0,0.0,2.69,1.99,1.59,1.72,2.56,3.02,3.73,4.03,3.22,3.48,4.05,5.02,7.82,7.94,7.4,9.08,10.18,13.7,22.51,31.77,41.51
216,,,,,,1.92,2.52,2.17,2.95,1.73,1.5,1.69,2.61,3.37,7.84,7.13,7.4,8.9,9.72,12.33,16.53,21.33,20.7,17.19,15.52,14.39,15.68,23.5,26.23,24.92
217,,,,,,0.0,0.0,0.0,1.25,1.08,1.13,1.6,2.92,3.84,5.12,6.89,8.18,9.29,8.28,7.83,9.55,8.56,7.98,7.29,7.38,7.6,10.41,14.64,24.11,22.32
218,,,,,,inf,inf,4.42,2.76,1.58,1.31,1.43,2.2,2.96,10.0,17.13,8.16,5.52,4.91,5.1,7.08,7.0,5.11,3.96,4.02,4.89,10.92,13.65,13.74,13.54
219,,,,,,,,,,,,,0.0,0.0,0.0,10.88,8.44,8.52,8.63,13.19,20.19,22.71,36.34,41.19,12.47,9.1,7.62,8.39,9.49,12.57
220,,,,,,0.0,0.0,0.0,1.31,0.9,0.77,0.86,1.34,3.3,5.51,12.6,13.15,13.65,11.98,11.3,14.05,19.33,15.81,11.23,10.23,8.76,9.84,15.49,22.18,26.8
221,,,,,,0.0,0.0,0.0,2.76,2.14,1.85,2.01,3.22,3.35,4.69,6.6,7.84,7.73,9.38,11.15,12.37,12.49,9.85,7.06,6.8,7.86,7.36,9.36,10.34,10.77
222,,,,,,0.0,0.0,0.0,11.97,5.18,2.9,2.26,2.34,2.84,3.87,5.84,7.04,6.38,7.2,7.14,9.63,9.67,12.51,13.26,10.89,10.42,11.67,11.61,10.79,13.21
223,,,,,,1.67,2.19,2.33,3.95,2.81,2.42,2.76,4.65,6.49,6.18,4.43,3.34,2.9,2.79,3.69,3.4,3.28,3.68,4.02,4.52,7.78,10.3,14.9,22.11,24.12
224,,,,,,3.81,3.79,3.78,5.71,5.89,6.05,9.64,7.61,4.47,3.53,3.47,3.56,5.16,6.76,6.74,7.3,8.65,9.57,13.95,12.65,9.91,7.93,8.56,9.95,14.33
225,,,,,,-2.1,-2.45,2.34,0.95,0.68,0.73,1.09,7.12,5.87,4.74,4.15,3.89,4.26,5.65,6.93,7.95,8.92,10.47,12.0,14.74,15.83,17.11,16.05,14.2,12.38
226,,,,,,0.0,0.0,0.0,1.01,0.84,0.87,1.24,5.43,6.36,4.38,3.33,2.87,2.72,3.49,4.77,5.37,6.87,9.64,10.0,9.26,9.02,8.73,8.39,8.86,9.04
227,,,,,,1.29,1.65,2.22,6.59,5.57,4.93,5.92,9.89,16.63,18.49,37.89,13.8,8.39,6.72,7.22,8.98,10.23,10.9,11.81,9.4,10.32,17.82,16.54,20.8,34.38
228,,,,,,,,,0.0,0.0,0.0,1.5,1.74,3.27,3.82,5.5,8.11,5.96,4.26,3.43,3.37,4.08,5.04,5.16,5.62,5.64,6.86,15.27,21.88,27.07
229,,,,,,1.86,2.44,2.47,3.47,2.51,2.01,2.15,3.16,4.28,6.5,9.7,6.37,5.14,4.61,5.05,6.4,8.49,10.09,10.55,11.02,11.53,12.95,13.95,18.4,18.2
230,,,,,,4162209845443572.5,6.15,3.09,2.45,2.32,2.73,4.77,5.97,6.93,8.07,8.28,8.84,6.93,6.44,7.1,8.23,10.72,17.91,16.55,16.49,15.32,13.53,14.65,17.49,20.67
231,,,,,,0.0,0.0,0.0,4.42,3.62,2.16,1.53,1.35,1.58,2.22,3.19,5.63,6.29,5.57,6.25,7.35,8.85,10.98,10.36,9.91,11.67,12.96,15.76,19.79,15.13
232,,,,,,0.0,0.0,0.0,2.07,1.38,1.22,1.34,2.13,4.15,7.19,8.82,11.1,7.63,5.96,6.39,7.97,10.84,32.29,28.62,16.32,10.89,8.24,8.27,10.32,11.07
233,,,,,,8.61,7.06,5.07,5.35,4.42,3.81,4.61,6.12,5.08,5.12,5.87,5.23,4.97,6.73,8.11,8.49,12.58,18.62,17.29,16.11,18.38,14.21,14.35,15.31,18.25
234,,,,,,0.0,0.0,0.0,4.42,2.76,1.95,1.67,1.9,2.59,2.74,4.22,5.03,5.35,6.68,6.05,6.18,8.39,7.77,8.44,8.66,10.27,12.42,21.21,26.7,37.25
235,,,,,,0.0,0.0,0.0,1.9,1.53,1.28,1.32,1.82,2.9,3.63,4.33,4.22,3.91,3.86,4.45,5.83,6.54,6.79,7.03,6.95,9.38,12.84,16.69,17.23,18.29
236,,,,,,2.36,2.71,3.03,4.23,3.04,2.99,3.6,5.1,9.22,8.38,7.06,6.43,5.68,6.05,7.64,7.96,11.32,9.55,7.8,7.91,6.49,7.21,10.65,11.84,14.3
237,,,,,,,,,,,,0.0,0.0,0.0,3.79,4.64,2.97,2.63,2.06,2.09,2.87,7.72,15.2,25.39,19.23,17.74,19.4,31.91,58.34,141.01
238,,,,,,-8.55,-4994651814532287.0,7.48,3.91,3.31,3.66,5.94,9.5,-6243314768165359.0,14.42,9.01,10.75,16.63,82.24,-19.67,-31.48,31.48,19.67,17.49,12.76,9.99,9.08,8.17,7.99,11.06
239,,,,,,inf,inf,4.42,2.76,2.45,2.37,3.11,9.37,10.54,9.5,9.0,4.95,3.55,3.09,3.63,4.31,5.84,7.64,10.23,12.74,28.17,75.18,-3121657384082679.5,-6243314768165359.0,21.74
240,,,,,,,,,,0.0,0.0,0.0,2.19,2.4,2.83,1.88,1.64,1.63,2.1,3.54,6.89,11.07,11.83,10.1,6.06,5.58,5.75,7.7,8.07,9.31
241,,,,,,0.0,0.0,0.0,7.0,4.21,2.78,2.02,1.86,1.94,2.45,2.89,3.37,3.65,3.14,2.18,1.96,2.33,2.81,5.08,9.27,10.62,11.28,16.87,24.78,61.18
242,,,,,,2.25,2.35,3.43,3.35,2.85,2.66,3.45,3.73,4.88,4.71,5.34,5.16,6.31,8.41,10.67,12.04,13.59,13.71,5.3,4.0,4.02,8.03,-225.5,-7.1,-8.26
243,,,,,,1.93,2.21,3.42,6.19,4.77,3.0,2.71,2.38,2.3,2.83,3.88,3.98,4.86,6.83,8.08,10.88,11.12,12.99,12.67,12.39,17.75,21.08,18.39,18.54,24.11
244,,,,,,2.73,2.96,2.82,2.99,3.28,3.67,3.72,4.45,4.03,4.37,5.4,6.28,6.63,7.45,7.53,9.12,13.17,13.99,13.86,11.44,9.83,9.1,10.09,12.74,10.54
245,,,,,,1.37,1.33,1.32,1.7,1.85,2.25,2.92,3.47,4.77,7.8,10.38,10.83,10.07,9.52,9.93,11.16,13.67,13.83,11.66,11.2,10.36,10.0,12.55,15.39,17.45
246,,,,,,3.15,3.5,4.76,2.91,2.46,2.13,2.55,3.83,5.29,7.77,10.89,7.18,6.68,5.73,5.28,6.17,5.9,6.49,9.46,10.71,10.0,10.04,10.28,10.68,11.02
247,,,,,,3.32,3.7,4.16,5.12,4.33,3.64,3.29,3.31,4.45,5.99,7.65,7.41,6.91,5.82,5.84,6.67,9.32,11.97,13.9,14.96,14.88,16.35,23.73,28.68,29.18
248,,,,,,6.46,3.77,2.45,2.02,1.93,1.9,2.3,2.97,3.83,5.34,11.42,8.06,6.78,7.87,8.59,10.95,15.7,14.64,10.63,8.44,7.98,10.04,14.52,18.58,15.47
249,,,,,,3.79,2.71,2.12,1.93,2.04,2.18,3.31,4.7,4.16,3.95,4.05,3.89,3.81,5.42,6.13,7.03,8.64,10.78,10.02,11.58,12.4,14.91,17.45,16.65,14.28
250,,,,,,2.2,2.07,2.12,2.42,2.37,2.47,2.91,3.21,3.97,5.89,8.02,7.7,8.36,8.17,8.18,8.97,10.79,10.79,13.39,11.67,10.61,10.4,12.43,16.56,24.81
251,,,,,,1.45,1.7,1.51,1.82,1.8,1.93,2.26,4.39,5.56,7.43,7.4,6.68,6.69,9.27,14.08,12.48,10.75,9.44,7.98,7.92,8.32,10.54,14.95,22.25,20.8
252,,,,,,1.09,1.1,1.16,1.41,1.6,2.73,3.05,3.58,4.61,4.68,4.43,4.32,5.24,8.38,5.65,5.17,4.71,4.71,5.52,9.53,12.76,8.68,7.68,9.43,13.73
253,,,,,,1.52,1.53,1.66,2.01,2.42,3.05,4.25,4.33,5.43,6.43,6.43,6.76,7.72,7.28,8.57,9.03,11.3,16.75,17.48,16.94,19.34,17.07,15.86,16.47,18.56
254,,,,,,2.23,1.94,1.95,2.18,2.07,1.94,2.27,2.36,3.36,4.77,8.61,9.95,6.6,5.27,5.25,4.92,5.88,9.78,8.46,7.92,9.52,7.47,7.64,9.12,10.84
255,,,,,,2.3,2.57,2.51,3.17,2.71,2.7,2.85,3.93,5.4,9.8,8.99,7.95,6.43,6.29,5.88,6.17,6.73,7.33,7.11,7.12,6.72,7.45,9.24,9.81,9.63
256,,,,,,1.31,1.26,1.3,1.67,2.07,3.12,3.48,3.38,3.64,4.31,7.6,6.67,6.83,7.93,9.4,10.66,17.27,17.63,14.54,16.71,18.5,18.8,20.31,24.91,22.94
257,,,,,,4.52,4.4,3.47,3.0,2.41,1.82,1.87,2.18,2.9,4.61,5.45,5.77,8.62,11.47,16.91,10.31,8.09,8.04,8.63,9.22,15.42,17.0,12.19,11.8,10.76
258,,,,,,0.0,0.0,0.0,1.94,1.71,1.29,1.28,1.67,2.19,3.03,4.75,5.04,6.12,7.83,6.96,7.08,8.86,9.75,11.32,10.11,9.09,7.99,8.59,9.69,12.36
259,,,,,,5.41,6.14,7.02,9.07,9.68,10.6,12.02,14.84,16.59,17.59,21.26,18.18,18.63,18.71,18.46,19.53,27.72,29.14,24.69,22.83,23.23,25.43,41.03,73.68,65.93
260,,,,,,1.46,1.67,2.1,2.46,3.19,2.56,2.57,2.84,4.76,5.93,10.63,10.03,10.44,9.94,11.16,14.37,16.67,14.06,10.31,9.77,9.16,9.1,11.53,13.73,14.41
261,,,,,,3.78,3.19,4.21,4.03,3.32,3.89,4.49,3.3,3.37,4.23,4.64,4.54,5.11,4.76,5.12,5.67,9.4,10.11,11.11,13.77,15.17,17.45,22.46,33.59,23.75
262,,,,,,0.87,1.09,2.04,2.29,2.38,2.51,2.7,3.64,6.84,6.15,6.68,6.12,6.15,6.86,7.66,8.54,10.98,10.97,9.33,8.4,8.74,9.01,11.02,13.79,17.35
263,,,,,,,,,0.0,0.0,0.0,1.67,2.14,2.81,3.59,5.25,4.04,3.36,3.2,3.43,4.95,6.47,10.52,10.49,15.33,10.15,6.62,4.68,4.44,4.97
264,,,,,,1.02,1.15,1.3,1.71,2.19,3.33,3.7,5.78,6.26,7.42,7.97,7.57,5.12,4.9,5.59,7.54,11.14,23.46,19.39,20.75,16.09,16.82,22.17,28.69,27.58
265,,,,,,2.43,1.93,1.83,1.93,2.05,2.49,3.65,3.96,5.31,5.48,8.52,7.98,9.59,11.28,10.32,9.18,10.23,10.86,12.39,11.78,11.79,12.44,15.86,23.8,40.51
266,,,,,,0.0,0.0,1.48,1.89,1.74,1.83,2.81,5.31,6.67,6.39,7.17,5.17,4.87,4.88,5.0,5.65,7.67,9.19,12.75,12.02,13.65,14.75,19.73,29.1,28.05
267,,,,,,1.77,1.51,1.47,1.71,1.84,2.59,4.01,4.46,7.08,7.07,7.61,6.77,5.93,5.78,6.33,7.38,8.31,8.26,8.82,9.76,9.75,12.94,19.89,23.62,32.41
268,,,,,,3.65,3.4,3.89,3.41,2.86,2.7,3.51,4.51,7.88,6.76,7.17,6.05,5.81,7.47,8.54,9.55,10.86,11.23,8.74,9.44,9.9,10.46,11.99,13.89,13.81
269,,,,,,4.62,4.64,5.37,4.52,3.36,3.27,4.13,5.99,7.68,10.03,8.43,5.62,4.63,4.73,4.51,4.9,6.04,5.81,5.69,6.18,7.96,10.97,27.99,15.64,10.22
270,,,,,,4.46,5.9,3.73,2.85,2.01,1.81,2.05,3.65,4.1,4.28,4.18,4.09,4.8,8.01,9.82,10.68,9.17,7.99,8.87,8.04,8.18,8.62,8.91,8.95,11.45
271,,,,,,1.55,1.61,1.64,1.95,2.69,3.12,3.86,5.15,7.37,9.11,8.39,7.06,7.05,8.83,12.22,15.3,14.1,10.1,7.76,8.03,9.63,12.94,22.23,27.38,23.74
272,,,,,,2.09,2.48,4.27,6.38,6.79,6.2,4.15,3.88,4.55,5.34,6.53,6.15,5.15,5.11,7.05,8.12,10.09,12.3,11.92,11.67,9.83,9.33,11.84,10.98,11.07
273,,,,,,0.0,0.0,4.42,7.9,4.15,2.78,2.41,2.79,3.72,5.57,7.09,7.67,7.63,7.56,11.29,11.98,9.17,8.99,9.81,8.59,9.92,11.58,14.01,18.5,24.47
274,,,,,,1.25,1.31,1.47,2.24,2.73,3.01,3.45,3.41,4.15,5.6,6.98,7.32,7.58,8.1,8.21,9.75,13.5,16.01,18.64,20.09,19.16,20.99,25.98,25.3,26.47
275,,,,,,4.28,3.52,3.35,2.79,2.62,3.05,3.43,3.86,5.28,4.78,5.02,5.37,4.85,5.39,5.67,5.95,6.45,6.97,6.79,7.45,9.82,12.88,20.52,38.65,43.21
276,,,,,,1.11,1.46,1.89,6.25,4.05,2.47,2.27,2.82,3.36,6.44,31.78,16.52,8.85,6.46,5.77,6.34,8.63,15.18,15.84,10.3,9.32,7.36,7.54,9.39,12.55
277,,,,,,0.0,0.0,0.0,5.73,3.41,2.76,2.89,4.1,12.75,16.01,5.98,3.45,2.16,1.95,2.05,2.71,3.72,6.03,6.55,6.33,7.2,6.51,7.38,7.05,8.34
278,,,,,,1.32,1.61,1.96,3.61,5.3,4.84,4.9,6.36,7.19,7.23,8.3,6.01,5.23,5.91,5.48,5.86,6.53,5.55,5.23,6.78,7.29,8.61,9.72,10.26,11.12
279,,,,,,1.44,1.74,2.25,4.83,5.29,4.55,3.76,3.6,4.14,4.75,5.69,5.56,4.92,4.57,5.17,6.81,9.32,10.02,10.09,9.08,8.97,9.77,11.66,14.18,16.56
280,,,,,,4.02,4.98,6.99,9.56,6.25,4.12,3.31,3.55,3.45,4.02,5.25,5.38,5.61,6.64,6.0,6.03,7.65,9.22,9.39,8.67,7.57,7.83,11.09,14.75,13.33
281,,,,,,1.55,1.54,1.57,1.75,2.31,3.0,3.86,4.24,4.56,5.46,5.84,6.79,7.18,6.94,9.22,11.25,11.7,10.28,8.82,7.61,7.82,7.72,9.07,10.87,12.36
282,,,,,,2.45,2.49,2.29,2.4,2.34,2.23,2.85,3.56,3.08,3.32,4.27,4.17,4.27,4.57,5.58,7.22,8.59,10.28,10.46,10.3,13.32,12.99,14.34,14.78,18.35
283,,,,,,2.37,2.28,2.33,2.37,2.5,2.65,2.62,2.9,4.16,4.78,9.49,9.19,8.7,8.75,8.06,7.35,8.47,12.32,15.56,20.7,16.06,12.3,11.81,11.0,11.77
284,,,,,,2.71,2.51,2.87,3.97,4.25,4.38,6.84,5.76,5.62,4.78,5.66,5.93,6.96,9.21,13.17,10.1,10.18,10.62,10.18,12.14,17.87,17.94,24.84,17.25,14.03
285,,,,,,1.0,1.19,1.64,3.79,2.96,3.09,4.51,6.69,8.2,5.68,4.17,4.06,4.07,6.18,6.01,6.58,7.42,10.61,10.32,9.17,8.47,6.8,6.43,7.09,9.33
286,,,,,,1.26,1.44,2.53,2.59,1.88,1.77,2.22,2.64,4.38,4.21,4.06,4.05,4.94,6.76,7.63,7.75,8.74,9.94,9.8,14.93,23.57,33.55,42.35,25.84,16.4
287,,,,,,4.55,5.42,2.23,1.85,1.69,1.92,2.74,14.12,15.01,9.41,7.95,5.9,5.01,4.87,6.13,7.25,8.49,8.85,10.11,9.41,8.93,10.99,12.75,15.23,19.47
288,,,,,,3.65,3.31,2.82,2.77,2.64,3.41,3.69,4.2,5.23,6.81,8.95,12.2,13.82,10.13,8.36,8.15,8.79,8.87,9.25,8.68,8.98,10.7,13.42,19.69,22.96
289,,,,,,1.45,1.58,1.76,2.69,3.1,3.56,3.89,4.3,5.71,6.87,8.39,8.04,6.88,6.46,6.85,7.6,9.92,11.34,10.03,10.01,8.99,8.69,10.35,11.19,10.09
290,,,,,,2.81,2.92,3.48,5.15,3.01,2.38,2.47,2.81,3.18,4.23,4.12,3.61,3.85,6.23,7.57,9.4,11.61,9.36,8.45,7.32,8.0,7.47,7.51,7.36,8.81
291,,,,,,2.36,3.09,2.46,3.07,2.32,2.15,2.03,2.83,3.02,3.5,4.42,7.39,5.92,5.97,7.95,7.92,9.06,13.39,12.08,11.08,10.8,9.71,10.65,14.01,17.74
292,,,,,,1.19,1.3,1.51,2.0,2.67,3.09,2.91,2.95,3.81,5.56,9.69,14.35,12.96,9.98,10.1,12.62,17.56,23.29,24.24,21.69,23.8,30.52,44.67,83.83,100.65
293,,,,,,2.67,2.4,1.59,1.61,1.49,1.79,3.46,33.64,52.91,54.95,17.47,10.12,7.55,8.2,9.11,11.4,12.75,14.27,14.58,18.17,18.81,22.14,24.81,28.88,24.27
294,,,,,,0.0,0.0,0.0,1.73,1.49,1.57,2.24,3.39,4.24,5.37,5.46,4.96,4.15,4.38,6.2,7.45,10.7,10.39,8.98,7.68,7.52,8.96,14.67,12.79,11.06
295,,,,,,0.0,0.0,0.0,1.71,1.58,1.54,2.13,2.53,3.51,5.73,7.79,8.08,11.64,10.82,11.44,11.82,13.4,12.54,12.51,11.65,11.61,14.45,15.34,13.67,13.22
296,,,,,,,0.0,0.0,0.0,1.54,1.81,2.25,2.82,3.72,5.63,5.65,4.73,4.7,4.16,4.37,4.73,6.22,8.27,10.23,13.3,14.68,17.86,19.79,17.41,13.57
297,,,,,,0.0,0.0,0.0,1.22,1.16,1.47,1.61,2.36,5.15,7.34,33.99,-58.35,-28.44,-52.76,23.07,8.91,11.91,17.36,18.17,20.64,18.99,20.06,20.79,25.41,26.66
298,,,,,,2.03,2.36,2.89,2.62,2.62,2.31,2.47,2.71,3.69,4.01,4.38,5.11,7.65,8.29,8.41,8.44,9.93,13.17,14.48,14.89,13.73,16.42,17.53,18.74,20.72
299,,,,,,0.9,1.05,1.08,1.48,5.19,5.2,6.9,6.73,5.7,4.27,3.71,3.96,6.33,8.14,20.31,54.79,10.19,5.45,4.57,4.2,4.99,10.33,14.06,18.16,36.46
300,,,,,,1.67,2.13,2.47,4.45,3.95,2.55,2.4,2.6,2.93,3.51,4.98,4.92,5.54,5.08,5.71,5.32,5.57,6.47,8.15,8.87,11.98,16.24,15.79,15.09,14.28
301,,,,,,,,,,0.0,0.0,0.0,2.2,2.78,2.6,2.31,2.23,2.54,4.05,5.71,5.68,7.32,10.77,10.74,9.4,8.31,9.11,9.67,15.87,17.12
302,,,,,,0.0,0.0,0.0,1.21,1.4,1.92,3.11,6.47,10.65,18.37,59.12,94.59,196.5,5.88,3.52,3.04,3.32,4.68,16.5,18.94,19.71,25.13,48.89,116.11,79.14
303,,,,,,0.0,0.0,7.0,3.23,1.8,1.53,1.66,2.1,3.52,3.07,2.89,3.3,4.07,5.58,5.72,5.78,7.94,17.33,17.26,15.1,17.15,17.41,20.44,28.01,38.51
304,,,,,,1.03,1.12,1.21,1.93,2.43,3.6,4.85,4.93,4.91,6.02,7.03,8.08,7.4,5.84,4.97,5.06,6.67,11.6,11.01,13.37,13.21,16.47,22.53,38.77,41.19
305,,,,,,0.0,0.0,0.0,7.0,3.2,1.62,1.35,1.38,1.95,3.14,10.54,13.58,22.13,11.48,10.19,9.67,8.31,7.71,7.69,6.75,7.72,13.5,21.16,29.59,35.03
306,,,,,,2.0,1.84,2.19,2.24,3.11,2.5,2.96,2.77,3.44,5.26,10.75,5.62,4.35,3.73,3.98,5.76,8.98,11.32,13.87,17.12,14.12,14.61,11.28,12.08,13.63
307,,,,,,5.7,5.18,4.1,4.72,4.04,4.56,7.84,14.21,7.02,5.07,3.19,2.61,2.74,3.68,5.17,10.59,21.38,22.45,18.6,15.17,12.43,12.96,15.69,18.96,16.8
308,,,,,,0.0,0.0,0.0,2.0,2.18,2.6,5.09,7.93,5.85,4.53,2.91,2.57,2.9,4.0,4.78,10.13,14.3,16.44,18.09,19.05,17.82,21.87,27.14,25.52,17.45
309,,,,,,8.03,5.13,3.14,2.73,2.23,2.32,3.45,3.85,3.85,4.35,3.9,4.05,5.88,6.21,6.9,9.67,10.92,12.07,15.41,13.43,10.62,11.15,12.35,13.23,15.53
310,,,,,,0.0,0.0,0.0,1.76,19.9,11.41,10.19,8.8,7.71,7.04,6.68,6.27,7.62,8.45,7.57,8.12,8.02,8.65,10.0,12.48,10.92,11.96,13.39,19.18,25.65
311,,,,,,,,,0.0,0.0,0.0,2.06,1.88,1.94,2.97,2.93,2.59,2.33,2.39,2.56,3.86,4.58,8.87,9.45,9.9,10.52,12.84,15.8,26.16,33.74
312,,,,,,0.0,0.0,0.0,1.44,1.15,1.17,1.58,3.99,6.56,5.12,3.85,3.27,3.27,3.14,4.25,4.28,4.89,5.39,5.98,5.62,7.66,8.61,7.86,7.47,8.15
313,,,,,,1.24,1.47,1.83,2.79,2.53,2.79,3.2,3.53,4.03,4.8,5.48,5.53,7.4,6.14,5.19,5.36,6.42,7.97,10.95,15.62,12.54,13.23,12.48,12.91,11.8
314,,,,,,0.92,1.21,2.19,5.23,6.78,4.42,4.07,3.75,3.98,4.38,4.54,4.62,6.17,5.96,6.46,7.86,9.9,11.31,10.0,7.54,6.44,6.99,7.76,12.05,14.07
315,,,,,,1.71,1.4,1.08,1.27,1.39,1.76,3.57,5.49,7.03,6.8,5.96,6.35,9.1,9.94,11.89,16.82,17.47,18.28,18.28,17.77,24.41,49.64,74.06,58.41,29.3
316,,,,,,1.2486629536330718e+16,-7.0,17.5,3.53,2.22,1.94,2.1,4.81,5.92,4.39,3.92,2.43,2.2,2.2,2.59,3.44,9.53,11.45,11.21,14.11,13.79,16.31,15.84,17.41,16.99
317,,,,,,1.44,1.46,1.49,2.11,2.15,2.27,3.62,5.06,5.09,5.06,5.87,5.05,5.38,6.9,8.73,10.73,17.69,19.42,18.16,14.69,16.32,20.32,25.25,23.44,20.74
318,,,,,,,,,,,,,0.0,0.0,0.0,1.49,1.65,2.77,4.38,5.51,5.96,10.93,12.08,8.18,7.43,9.56,10.31,9.69,14.15,14.78
319,,,,,,1.19,1.27,1.81,2.0,2.32,3.67,5.66,6.0,7.5,7.4,6.14,5.61,6.18,5.67,5.94,6.98,8.69,8.72,12.31,19.52,25.62,52.9,235.51,36.37,30.14
320,,,,,,0.0,0.0,0.0,3.81,2.41,1.85,1.9,2.59,4.2,6.46,6.87,5.53,5.24,5.62,7.0,7.61,9.46,11.91,12.21,11.15,11.67,14.94,15.24,20.59,23.67
321,,,,,,-5.0,-4.37,-3.18,11.67,1.76,1.47,1.62,2.45,4.6,2.65,1.98,1.75,1.92,2.35,5.77,6.73,8.09,6.41,5.9,4.63,4.76,6.57,10.97,12.72,12.68
322,,,,,,,0.0,0.0,0.0,2.91,2.13,2.08,2.65,7.58,9.0,6.47,4.98,4.97,4.03,5.76,5.47,5.99,6.22,9.22,7.15,7.38,10.5,16.23,21.31,27.13
323,,,,,,inf,2.11,1.1,0.9,0.94,1.25,3.98,8.59,9.19,9.59,8.28,6.77,5.22,4.74,5.21,5.96,6.96,8.24,7.46,7.16,7.97,9.92,14.34,19.58,1.98
324,,,,,,,,,,0.0,0.0,0.0,1.73,1.54,1.42,1.65,2.09,4.2,4.53,4.24,4.65,5.71,7.4,7.27,7.29,7.13,8.3,7.83,9.27,11.47
325,,,,,,0.0,0.0,0.0,4.85,3.0,2.43,2.62,4.07,6.68,24.18,-6243314768165359.0,6.58,3.44,2.5,2.25,2.33,3.47,4.54,6.39,9.18,15.89,18.76,22.5,30.28,23.72
326,,,,,,,,,,0.0,0.0,0.0,2.95,3.88,7.56,94.59,5.43,3.39,2.9,2.96,3.28,5.55,5.37,5.68,7.31,10.99,12.03,15.31,17.52,15.67
327,,,,,,8.55,3.23,2.6,2.01,1.84,2.0,3.42,3.47,4.4,6.49,9.41,11.13,16.42,11.68,10.74,8.4,7.4,8.11,8.1,7.79,10.44,12.36,9.39,9.23,9.52
328,,,,,,0.0,0.0,1.05,1.2,1.59,2.21,3.21,4.14,6.08,4.86,4.72,4.93,6.49,8.31,9.34,9.27,10.41,11.4,11.18,10.57,10.61,13.41,16.36,18.78,12.72
329,,,,,,,,,,,0.0,0.0,0.0,1.3,0.85,0.78,0.92,1.7,2.72,8.44,8.76,10.84,11.18,11.77,13.11,9.45,9.8,9.25,9.97,11.27
330,,,,,,,,,,,,,,,0.0,0.0,0.0,4.23,3.45,2.98,3.43,3.56,4.87,5.72,4.05,3.95,5.18,5.57,8.93,10.81
331,,,,,,3.33,3.64,2.96,3.35,2.63,2.53,2.86,4.18,4.22,5.18,5.36,5.11,4.55,5.02,4.87,5.85,6.44,6.95,7.23,7.31,7.96,6.01,5.38,5.34,5.56
332,,,,,,3.33,2.53,2.06,1.88,1.63,1.68,2.5,3.8,5.27,6.17,7.77,5.7,4.74,5.38,4.51,4.69,6.07,6.93,7.18,8.82,9.55,11.49,15.11,18.37,22.09
333,,,,,,3.33,2.5,2.3,1.92,1.49,1.47,1.93,2.44,4.38,5.57,6.4,6.63,6.76,6.84,6.44,6.92,6.11,5.34,4.65,4.38,4.61,6.11,7.87,10.44,10.1
334,,,,,,1.44,1.32,1.39,1.86,1.77,2.22,4.82,4.49,4.65,4.02,3.97,4.22,5.0,5.19,5.01,5.1,5.28,5.34,4.43,4.66,5.19,6.11,6.82,8.65,8.34
335,,,,,,6243314768165359.0,3.35,2.0,1.53,1.48,1.79,3.54,3.53,4.32,3.66,3.61,3.89,4.61,5.82,11.44,8.39,7.05,6.15,5.21,5.6,8.98,12.85,17.84,20.94,18.24
336,,,,,,0.0,0.0,0.0,2.96,2.41,2.41,3.12,3.27,4.25,6.91,8.2,8.6,8.21,7.18,8.14,10.92,11.32,11.59,12.37,13.11,12.68,14.19,14.85,16.23,15.0
337,,,,,,4.09,3.84,2.72,2.15,1.97,2.28,2.51,3.56,4.05,4.61,4.41,4.49,5.06,6.87,7.48,9.34,8.92,10.5,10.35,12.47,13.66,23.09,26.76,31.6,47.78
338,,,,,,2.88,2.52,1.55,1.4,1.9,3.27,4.17,5.46,3.53,3.01,4.54,5.12,9.3,10.75,7.86,7.29,7.0,6.76,7.41,9.73,9.58,12.19,13.87,21.37,46.57
339,,,,,,2.03,1.59,1.37,1.2,1.35,1.78,2.55,3.03,3.45,3.55,5.04,5.2,5.35,5.25,5.37,4.71,5.04,7.48,8.43,14.04,18.28,17.16,17.93,21.42,27.58
340,,,,,,,,0.0,0.0,0.0,1.23,1.4,2.32,2.67,3.19,4.17,4.01,4.5,6.24,6.69,6.91,6.77,5.54,4.61,3.64,3.17,3.62,4.77,7.35,14.7
341,,,,,,58.85,7.48,2.87,2.02,2.29,3.64,3.79,5.63,3.82,3.76,3.65,3.64,3.3,4.5,3.99,4.42,6.12,13.52,10.81,11.18,8.34,4.75,4.28,4.79,5.02
342,,,,,,2.83,1.67,1.11,1.02,1.19,2.08,3.4,4.6,4.57,5.55,5.97,5.52,6.21,7.41,7.92,9.17,10.1,11.08,10.5,12.59,11.69,12.14,13.6,19.43,26.91
343,,,,,,2.67,2.07,1.93,1.86,2.08,3.44,4.54,5.32,5.76,6.19,5.12,4.14,4.12,5.84,6.24,8.21,10.79,10.52,9.87,11.56,10.61,12.16,16.21,21.67,23.45
344,,,,,,0.0,0.0,2.23,2.24,2.49,4.44,4.58,4.51,4.83,4.81,4.53,4.38,4.76,5.02,5.14,5.01,6.04,6.58,6.32,7.4,6.64,7.29,9.68,13.85,20.63
345,,,,,,,,,,0.0,0.0,0.0,2.59,3.89,4.27,4.14,3.43,3.46,4.97,5.59,5.91,6.21,6.39,6.03,6.93,6.47,6.89,8.44,13.91,23.85
346,,,,,,,,0.0,0.0,0.0,2.29,3.38,4.46,4.32,3.95,4.08,3.41,4.16,4.93,5.88,6.24,8.02,8.0,6.0,5.06,4.21,4.3,5.99,14.13,24.77
347,,,,,,1.45,1.42,1.47,1.42,1.67,2.84,2.75,3.22,3.35,3.22,3.4,3.08,3.59,5.51,6.23,6.33,6.45,5.74,6.01,9.05,9.94,15.08,12.85,11.91,11.84
348,,,,,,,,,0.0,0.0,0.0,1.77,1.69,2.24,2.44,2.17,1.87,1.95,2.19,3.45,4.32,6.69,9.42,9.77,12.08,13.84,10.64,9.76,10.46,12.48
349,,,,,,,,0.0,0.0,0.0,1.17,1.63,1.79,2.06,3.0,5.06,4.84,7.12,8.27,7.41,7.24,7.88,7.86,7.99,9.24,9.11,8.58,9.82,12.99,24.09
350,,,,,,0.0,0.0,0.0,2.76,2.45,2.76,4.42,7.0,4.37,2.94,2.6,3.05,4.75,5.6,11.19,10.88,9.74,12.51,9.78,10.44,16.49,15.58,12.03,11.93,9.34
351,,,,,,3.33,4.38,2.71,2.76,2.14,2.08,2.69,5.05,3.96,4.2,4.51,3.9,4.1,4.64,4.81,5.58,9.75,13.73,14.5,16.33,21.55,14.39,11.52,12.36,16.77
352,,,,,,2.18,2.11,2.43,2.04,2.11,3.43,4.1,6.47,8.25,7.86,7.49,6.9,6.87,11.12,16.2,18.47,20.84,18.44,15.98,15.77,16.64,17.19,21.95,22.11,23.63
353,,,,,,2.0,2.19,1.84,2.19,1.94,2.34,2.68,4.76,7.24,24.99,15.58,7.62,5.68,5.7,7.71,9.03,13.42,11.86,11.3,8.09,8.66,8.38,10.31,13.67,44.14
354,,,,,,,,0.0,0.0,0.0,1.79,2.2,2.64,3.09,2.83,2.7,3.42,8.45,8.21,9.89,12.08,13.59,21.74,99.45,14.73,8.15,5.69,5.47,6.69,9.2
355,,,,,,1.36,1.69,1.71,2.65,2.22,2.38,2.93,3.93,3.87,4.38,4.59,4.96,7.23,6.45,6.3,6.85,6.74,6.89,7.66,8.85,9.95,17.15,21.91,30.7,27.94
356,,,,,,5.0,3.2,2.22,2.11,2.23,3.0,4.44,6.96,4.5,4.5,4.47,3.08,2.84,3.8,3.56,3.79,6.04,8.55,11.16,15.12,18.35,17.25,12.51,8.76,8.44
357,,,,,,0.0,0.0,0.0,4.42,2.76,2.14,2.19,3.0,4.76,3.15,2.76,2.54,2.7,4.31,7.09,9.15,9.68,12.75,12.83,12.71,18.82,16.21,12.24,11.39,13.05
358,,,,,,2.01,2.33,2.38,2.63,2.38,2.49,2.67,4.14,8.89,7.37,8.13,5.98,5.34,6.32,12.55,12.79,15.14,14.91,14.38,17.36,32.98,65.8,125.62,119.27,120.62
359,,,,,,0.0,0.0,0.0,4.42,2.76,1.95,1.88,1.79,2.3,2.37,3.2,3.86,7.83,9.92,11.41,13.32,13.54,8.62,7.24,6.63,7.39,8.94,13.07,16.55,38.6
360,,,,,,inf,inf,4.42,1.98,1.28,1.14,1.31,1.92,3.0,3.69,3.21,3.04,3.74,4.29,7.16,10.71,12.35,10.16,7.83,7.83,8.31,11.58,19.67,34.11,30.36
361,,,,,,2.4,1.77,1.56,1.86,2.03,2.52,4.13,4.39,3.67,4.21,5.41,4.39,4.83,8.22,10.52,16.38,44.29,21.04,17.19,13.8,15.3,13.12,13.33,13.58,15.85
362,,,,,,,,,0.0,0.0,0.0,1.78,5.57,13.59,11.97,5.7,3.58,2.65,2.43,2.58,3.48,4.2,6.13,8.63,14.66,17.13,25.0,36.99,51.85,60.21
363,,,,,,3.33,4.38,7.0,11.97,2.98,1.85,1.66,1.57,2.05,3.16,3.16,2.74,2.76,2.6,3.2,4.12,5.8,7.9,7.99,9.2,13.06,13.91,15.72,16.21,16.45
364,,,,,,1.93,1.69,1.5,1.69,2.11,5.94,4.4,4.37,5.78,9.42,8.03,8.58,6.62,5.81,7.16,8.48,9.54,12.98,13.76,10.9,8.15,8.74,8.44,10.23,13.26
365,,,,,,0.0,0.0,0.0,1.56,1.39,1.56,1.95,5.15,4.42,4.82,6.55,24.43,12.61,8.44,6.8,6.87,7.62,10.72,12.51,18.12,19.04,19.98,24.66,21.69,21.55
366,,,,,,1.91,2.12,2.31,3.04,3.67,5.11,4.74,3.96,4.11,3.62,3.53,4.33,5.39,5.21,6.42,7.26,8.54,8.99,8.19,6.22,5.75,6.77,9.31,11.12,16.15
367,,,,,,2.53,3.19,4.64,5.66,4.39,4.23,3.77,4.25,4.56,4.76,4.31,5.62,5.16,5.96,6.05,5.63,5.02,5.81,6.46,9.81,10.55,11.15,12.39,16.69,23.42
368,,,,,,9.19,7.75,7.55,4.99,4.17,4.13,2.54,2.13,2.42,2.49,3.4,12.1,17.01,26.64,237.9,34.92,14.22,9.02,8.34,8.9,12.92,24.33,51.73,60.08,25.24
369,,,,,,,,,,0.0,0.0,0.0,1.56,2.19,5.42,4.45,4.79,4.72,5.19,9.0,14.37,10.43,6.1,5.61,4.75,5.12,8.14,13.37,13.24,19.64
370,,,,,,0.0,0.0,0.0,2.05,1.59,1.72,1.56,1.8,3.36,4.4,5.2,9.05,8.59,6.75,5.8,5.71,6.43,8.55,12.82,13.82,14.86,15.19,18.91,23.49,32.98
371,,,,,,3.33,2.5,2.19,2.5,2.91,3.05,3.14,2.64,2.93,3.81,4.21,5.67,5.41,6.13,10.59,17.85,12.95,6.46,4.64,4.22,4.64,7.76,13.21,21.31,41.6
372,,,,,,1.93,1.78,1.65,1.51,1.75,3.47,3.02,3.24,4.7,5.67,7.49,8.84,6.22,4.62,4.29,4.83,7.9,9.93,10.31,9.4,7.82,7.13,8.33,10.24,12.0
373,,,,,,3.78,3.31,2.94,2.51,2.57,4.03,3.63,4.34,4.8,3.98,3.01,2.76,2.7,3.44,4.13,6.17,9.47,15.08,16.34,14.29,11.45,11.92,13.97,17.04,18.11
374,,,,,,1.11,1.17,1.2,1.54,3.47,3.61,3.86,3.71,4.11,4.24,3.85,3.88,3.37,3.36,3.8,4.99,6.95,9.76,11.64,12.2,10.66,11.44,12.45,15.35,19.74
375,,,,,,1.08,1.15,1.32,2.32,2.78,5.91,9.32,9.86,9.63,10.86,7.78,7.3,5.78,4.82,4.18,4.7,5.56,7.52,9.54,9.6,8.81,9.92,15.26,26.39,37.88
376,,,,,,2.4,2.76,2.65,2.79,2.32,2.63,2.46,3.1,4.3,5.83,5.16,6.91,5.23,4.39,4.16,5.03,5.54,7.06,7.0,6.89,6.17,5.99,7.83,10.58,11.97
377,,,,,,0.0,0.0,0.0,4.38,3.5,4.38,2.8,2.57,3.1,4.02,3.97,5.14,4.33,3.92,5.1,5.65,6.89,9.86,10.19,7.95,8.23,11.7,20.9,27.1,15.98
378,,,,,,inf,2.49,1.49,1.2,1.13,1.41,2.47,2.14,2.19,2.41,2.63,3.98,4.92,4.97,5.11,5.57,6.74,9.34,11.36,14.02,13.71,13.66,11.34,9.92,10.52
379,,,,,,,,,0.0,0.0,0.0,7.53,8.67,7.22,5.92,3.17,2.76,3.14,3.59,4.88,17.91,17.04,13.95,9.57,7.65,7.46,9.62,16.32,39.95,53.45
380,,,,,,,,,0.0,0.0,0.0,3.11,2.15,1.68,1.69,1.94,2.5,3.28,3.62,4.2,6.91,11.18,10.62,11.07,12.4,12.12,11.98,15.81,22.13,24.0
381,,,,,,,,,0.0,0.0,0.0,35.0,-35.0,-11.67,-7.0,inf,4.42,2.76,2.14,2.19,3.0,10.54,16.87,1.58,2.15,3.13,8.45,-7.12,-2.31,10.19
382,,,,,,5.0,1.75,1.46,1.26,1.28,1.74,5.72,5.98,8.3,6.91,4.53,3.71,3.58,4.16,6.97,10.49,16.36,18.43,18.32,17.27,15.2,15.67,21.92,31.03,29.05
383,,,,,,0.0,0.0,7.0,4.37,2.5,2.19,2.5,4.37,7.0,inf,8.67,4.72,3.97,2.86,2.53,3.04,3.38,4.02,6.24,5.54,4.71,4.95,7.17,13.89,31.58
384,,,,,,,,,0.0,0.0,0.0,2.19,1.94,2.19,1.84,2.27,1.92,1.94,2.64,9.28,13.13,14.63,13.63,2.19,2.77,4.53,19.43,-8.77,-3.67,12.08
385,,,,,,,,,,0.0,0.0,0.0,1.42,2.01,2.99,3.64,3.56,3.31,3.46,3.76,4.72,8.29,11.61,11.73,11.33,10.66,10.23,10.92,13.19,13.87
386,,,,,,,,,,,,,,0.0,0.0,0.0,3.2,1.87,1.56,1.71,2.71,5.16,31.48,2.18,3.63,10.89,-10.89,-3.63,-2.45,8.05
387,,,,,,0.0,0.0,inf,inf,4.42,2.37,1.62,1.38,1.5,2.26,2.49,2.59,2.38,2.12,2.32,3.28,5.51,8.25,5.2,6.32,7.62,9.57,20.12,-90.26,13.07
388,,,,,,,,,0.0,0.0,0.0,3.19,3.52,5.73,5.43,2.4,2.64,2.84,3.25,5.54,4.96,5.2,6.3,12.31,20.31,26.14,24.06,18.51,18.21,17.25
389,,,,,,1.2486629536330718e+16,3.87,2.27,1.97,2.16,2.87,7.21,7.0,7.08,9.42,11.97,10.06,8.06,7.0,8.07,14.91,27.26,16.05,15.87,11.36,9.4,10.45,17.84,23.49,42.81
390,,,,,,,,,0.0,0.0,0.0,11.97,7.48,6.65,3.62,3.2,3.46,3.02,3.28,5.04,4.92,5.09,6.29,3.56,4.16,5.86,13.02,66.0,-13.47,16.1
391,,,,,,inf,4.42,2.76,2.14,1.85,1.6,1.94,1.84,2.33,3.91,9.78,11.46,14.66,12.29,8.66,8.97,8.61,9.29,6.93,9.39,10.48,11.44,11.8,16.62,10.54
392,,,,,,8324419690887145.0,-4162209845443572.5,inf,16.87,10.54,5.26,3.84,3.84,5.24,6.18,13.19,10.47,7.29,3.06,2.47,2.28,2.63,3.52,6.75,5.66,5.12,5.01,5.58,7.95,11.06
393,,,,,,,,,0.0,0.0,0.0,3.11,2.75,3.27,6.8,6.74,5.84,7.47,5.17,5.03,6.71,7.94,8.9,10.93,8.99,9.42,14.23,19.36,35.21,35.29
394,,,,,,,,,0.0,0.0,0.0,1.87,1.93,2.16,3.15,5.82,6.59,4.91,4.59,5.58,7.53,10.25,13.68,16.21,16.21,19.67,21.15,34.85,44.29,27.71
395,,,,,,,,,,,,0.0,0.0,0.0,1.74,2.13,2.26,2.24,2.53,3.12,4.5,8.76,23.22,13.07,10.3,10.55,14.33,23.92,238.54,51.72
396,,,,,,,,,,,,,,0.0,0.0,0.0,2.88,2.75,3.46,3.03,3.48,4.04,4.82,5.14,5.75,6.16,8.09,15.09,21.72,27.67
397,,,,,,,,,0.0,0.0,0.0,7.0,2.69,2.06,2.06,2.4,4.62,12.08,13.59,11.97,16.63,10.06,9.01,3.11,5.36,7.76,16.86,-126.93,-9.57,11.56
398,,,,,,,,,,0.0,0.0,0.0,2.07,3.31,3.87,9.01,6.56,4.98,5.2,7.89,8.28,6.47,5.46,4.15,3.65,3.83,4.4,4.85,6.47,8.32
399,,,,,,,,,0.0,0.0,0.0,1.76,2.94,4.0,4.11,4.72,5.36,5.84,8.79,24.99,24.23,17.18,16.63,6.04,5.52,5.52,7.13,13.41,-36.34,70.33
400,,,,,,,,,0.0,0.0,0.0,2.26,3.21,6.09,5.82,4.2,4.11,3.58,3.92,5.05,7.76,9.71,14.05,13.93,12.39,8.04,7.38,7.8,11.47,14.48
401,,,,,,,,,0.0,0.0,0.0,1.68,1.98,2.03,2.99,3.65,5.94,5.96,7.9,6.99,8.14,7.4,8.0,7.79,9.01,7.49,6.58,5.07,4.91,5.5
