,Bundesland,Landkreis,EWZ,lat,lon
1,Baden-Württemberg,Alb-Donau-Kreis (Landkreis),194629.0,48.401564610662824,9.827096277218534
2,Baden-Württemberg,Baden-Baden (Stadtkreis),54718.0,48.75760067316986,8.124688910006219
3,Baden-Württemberg,Biberach (Landkreis),198265.0,48.107670946840756,9.774393040994683
4,Baden-Württemberg,Böblingen (Landkreis),389548.0,48.678125466892936,8.942689608871643
5,Baden-Württemberg,Bodenseekreis (Landkreis),214655.0,47.73347662670395,9.401098163657732
6,Baden-Württemberg,Breisgau-Hochschwarzwald (Landkreis),262405.0,47.925044717204706,7.925013072426119
7,Baden-Württemberg,Calw (Landkreis),157424.0,48.67892502573982,8.635818282865769
8,Baden-Württemberg,Emmendingen (Landkreis),164712.0,48.148572745315256,7.897623763296077
9,Baden-Württemberg,Enzkreis (Landkreis),198369.0,48.91444269428385,8.737007914012043
10,Baden-Württemberg,Esslingen (Landkreis),532447.0,48.601198170602636,9.16776763942441
11,Baden-Württemberg,Freiburg im Breisgau (Stadtkreis),229636.0,47.99258814118653,7.818059032723374
12,Baden-Württemberg,Freudenstadt (Landkreis),117456.0,48.474390287397796,8.465368686458916
13,Baden-Württemberg,Göppingen (Landkreis),256345.0,48.66313358365416,9.717486087222113
14,Baden-Württemberg,Heidelberg (Stadtkreis),160601.0,49.40551172020877,8.69416543324127
15,Baden-Württemberg,Heidenheim (Landkreis),132006.0,48.50312166427143,10.238856567758802
16,Baden-Württemberg,Heilbronn (Landkreis),340772.0,49.17716627786589,9.190586766895382
17,Baden-Württemberg,Heilbronn (Stadtkreis),125113.0,49.15271093664259,9.182374176222787
18,Baden-Württemberg,Hohenlohekreis (Landkreis),111392.0,49.271485743848324,9.613976991353656
19,Baden-Württemberg,Karlsruhe (Landkreis),442673.0,48.836993544073295,8.377483822413524
20,Baden-Württemberg,Karlsruhe (Stadtkreis),311919.0,49.01132133412629,8.412716160894929
21,Baden-Württemberg,Konstanz (Landkreis),284015.0,47.67176726280623,9.12292944435505
22,Baden-Württemberg,Lörrach (Landkreis),228314.0,47.70346914347927,7.773841773017068
23,Baden-Württemberg,Ludwigsburg (Landkreis),542630.0,49.053306288936355,9.401197688993989
24,Baden-Württemberg,Main-Tauber-Kreis (Landkreis),132189.0,49.56057752574476,9.725669112772332
25,Baden-Württemberg,Mannheim (Stadtkreis),307997.0,49.499388498769115,8.500376720443663
26,Baden-Württemberg,Neckar-Odenwald-Kreis (Landkreis),143376.0,49.46654995115747,9.279879083553503
27,Baden-Württemberg,Ortenaukreis (Landkreis),425932.0,48.672631185462606,8.079345834031331
28,Baden-Württemberg,Ostalbkreis (Landkreis),312422.0,48.72934423764438,9.77381754291128
29,Baden-Württemberg,Pforzheim (Stadtkreis),124289.0,48.87645662159069,8.712640403908608
30,Baden-Württemberg,Rastatt (Landkreis),230216.0,48.746018969417456,8.19447550838771
31,Baden-Württemberg,Ravensburg (Landkreis),283264.0,47.82505709616501,9.780016133363628
32,Baden-Württemberg,Rems-Murr-Kreis (Landkreis),424878.0,48.898936662304834,9.501194760896718
33,Baden-Württemberg,Reutlingen (Landkreis),285754.0,48.582087235683645,9.12077149568901
34,Baden-Württemberg,Rhein-Neckar-Kreis (Landkreis),546745.0,49.619579070142,8.68187177128219
35,Baden-Württemberg,Rottweil (Landkreis),138858.0,48.25417873202773,8.532367710504117
36,Baden-Württemberg,Schwäbisch Hall (Landkreis),194203.0,49.1443589392453,9.908699798984893
37,Baden-Württemberg,Schwarzwald-Baar-Kreis (Landkreis),211207.0,48.019033336209496,8.411216484700235
38,Baden-Württemberg,Sigmaringen (Landkreis),130192.0,48.03902520999094,9.241079652628294
39,Baden-Württemberg,Stuttgart (Stadtkreis),632743.0,48.774558554246255,9.172051452682394
40,Baden-Württemberg,Tübingen (Landkreis),225755.0,48.48170811137291,8.987583635354099
41,Baden-Württemberg,Tuttlingen (Landkreis),139397.0,48.01115162181138,8.794090546778781
42,Baden-Württemberg,Ulm (Stadtkreis),125596.0,48.39083796746053,9.949976499261211
43,Baden-Württemberg,Waldshut (Landkreis),170198.0,47.697157484805146,8.218760434424377
44,Baden-Württemberg,Zollernalbkreis (Landkreis),188170.0,48.2672190219213,8.937472152419117
45,Bayern,Aichach-Friedberg (Landkreis),132596.0,48.4274017804782,11.052705979818267
46,Bayern,Altötting (Landkreis),110338.0,48.209725279744795,12.705237034357404
47,Bayern,Amberg (Kreisfreie Stadt),42248.0,49.45092100139912,11.845367704112773
48,Bayern,Amberg-Sulzbach (Landkreis),102836.0,49.48658993609492,11.801137625593906
49,Bayern,Ansbach (Kreisfreie Stadt),41652.0,49.292177764131786,10.563683103632233
50,Bayern,Ansbach (Landkreis),183256.0,49.24804614179588,10.468189220079818
51,Bayern,Aschaffenburg (Kreisfreie Stadt),69928.0,49.96385183298871,9.145856936492928
52,Bayern,Aschaffenburg (Landkreis),173969.0,50.00805051771824,9.238085469078305
53,Bayern,Augsburg (Kreisfreie Stadt),292851.0,48.34556433559155,10.885481686358707
54,Bayern,Augsburg (Landkreis),249838.0,48.35400540248181,10.731965431969467
55,Bayern,Bad Kissingen (Landkreis),103265.0,50.22249439217242,9.964810247563461
56,Bayern,Bad Tölz-Wolfratshausen (Landkreis),126572.0,47.72721002560883,11.483039389939394
57,Bayern,Bamberg (Kreisfreie Stadt),77179.0,49.887233505238285,10.898917074062377
58,Bayern,Bamberg (Landkreis),146584.0,49.74064482297091,10.885021153469298
59,Bayern,Bayreuth (Kreisfreie Stadt),73999.0,49.955986506870296,11.485158934525895
60,Bayern,Bayreuth (Landkreis),103805.0,49.883640315224994,11.554831609009314
61,Bayern,Berchtesgadener Land (Landkreis),105052.0,47.698259019404354,12.901964821072088
62,Bayern,Cham (Landkreis),127339.0,49.23710352390243,12.694259660236392
63,Bayern,Coburg (Kreisfreie Stadt),41236.0,50.26393391136842,10.96447007342596
64,Bayern,Coburg (Landkreis),86885.0,50.26785220511003,10.942326865928436
65,Bayern,Dachau (Landkreis),152703.0,48.33452578647553,11.357140812047279
66,Bayern,Deggendorf (Landkreis),118741.0,48.77862952022743,13.000735385132648
67,Bayern,Dillingen a.d. Donau (Landkreis),95159.0,48.596400897739365,10.527783558584966
68,Bayern,Dingolfing-Landau (Landkreis),95831.0,48.641148244963944,12.610500343808775
69,Bayern,Donau-Ries (Landkreis),133043.0,48.80683210822592,10.712710084577374
70,Bayern,Ebersberg (Landkreis),140800.0,48.07611401562601,11.913230774156759
71,Bayern,Eichstätt (Landkreis),131646.0,48.898115833704004,11.370462504861887
72,Bayern,Erding (Landkreis),136884.0,48.300376786294756,12.000651834256525
73,Bayern,Erlangen (Kreisfreie Stadt),110998.0,49.582323234228404,10.97815409279408
74,Bayern,Erlangen-Höchstadt (Landkreis),135334.0,49.64003842381658,10.915184034928098
75,Bayern,Forchheim (Landkreis),115681.0,49.72095956072348,11.173129467332986
76,Bayern,Freising (Landkreis),177997.0,48.44728039694685,11.740479293422025
77,Bayern,Freyung-Grafenau (Landkreis),78345.0,48.82686704033719,13.513434797370836
78,Bayern,Fürstenfeldbruck (Landkreis),217831.0,48.18778824718019,11.201075267403283
79,Bayern,Fürth (Kreisfreie Stadt),126526.0,49.49140933848712,10.965482170209295
80,Bayern,Fürth (Landkreis),116193.0,49.4466651759187,10.849730889008343
81,Bayern,Garmisch-Partenkirchen (Landkreis),88155.0,47.5562625338618,11.129595959598536
82,Bayern,Günzburg (Landkreis),124519.0,48.352713061633736,10.38122000806507
83,Bayern,Haßberge (Landkreis),84464.0,50.06276435656824,10.606943835217118
84,Bayern,Hof (Kreisfreie Stadt),45950.0,50.31078827469398,11.897260324458005
85,Bayern,Hof (Landkreis),95773.0,50.273178420139686,11.81924732806067
86,Bayern,Ingolstadt (Kreisfreie Stadt),135244.0,48.75508979370572,11.395005159576574
87,Bayern,Kaufbeuren (Kreisfreie Stadt),43478.0,47.8799221379895,10.616082960989466
88,Bayern,Kelheim (Landkreis),121119.0,48.82475499129695,11.857555914678679
89,Bayern,Kempten (Allgäu) (Kreisfreie Stadt),68330.0,47.738202755277776,10.3081039302401
90,Bayern,Kitzingen (Landkreis),90429.0,49.75318020309668,10.256017031721194
91,Bayern,Kronach (Landkreis),67474.0,50.3278266727728,11.371993535076044
92,Bayern,Kulmbach (Landkreis),72012.0,50.10256132538759,11.48214288494097
93,Bayern,Landsberg am Lech (Landkreis),119141.0,48.024315106701565,10.948711023367954
94,Bayern,Landshut (Kreisfreie Stadt),71193.0,48.54471667934906,12.159434349101927
95,Bayern,Landshut (Landkreis),157239.0,48.55758853097932,12.195686331909425
96,Bayern,Lichtenfels (Landkreis),66777.0,50.1093356062236,11.116932493777744
97,Bayern,Lindau (Bodensee) (Landkreis),81148.0,47.605200758902434,9.882788609351174
98,Bayern,Main-Spessart (Landkreis),126523.0,49.993441926226815,9.662683997533836
99,Bayern,Memmingen (Kreisfreie Stadt),43470.0,47.97875965556211,10.162992179091981
100,Bayern,Miesbach (Landkreis),99189.0,47.74151188537079,11.809086379101775
101,Bayern,Miltenberg (Landkreis),128484.0,49.75717068293188,9.234727384855004
102,Bayern,Mühldorf a. Inn (Landkreis),114486.0,48.23926498111668,12.381628951740526
103,Bayern,München (Kreisfreie Stadt),1456039.0,48.1532011901127,11.547280785772099
104,Bayern,München (Landkreis),346433.0,48.07430221030086,11.6313567057531
105,Bayern,Neu-Ulm (Landkreis),172546.0,48.298099787566564,10.14123485196524
106,Bayern,Neuburg-Schrobenhausen (Landkreis),96164.0,48.6643458202691,11.197365892040693
107,Bayern,Neumarkt i.d. OPf. (Landkreis),132644.0,49.21589022357079,11.566634895832632
108,Bayern,Neustadt a.d. Aisch-Bad Windsheim (Landkreis),99641.0,49.56948375127312,10.465201968796947
109,Bayern,Neustadt a.d. Waldnaab (Landkreis),94486.0,49.68673073443137,12.09871341092474
110,Bayern,Nürnberg (Kreisfreie Stadt),515201.0,49.42683429723563,11.263096452201333
111,Bayern,Nürnberger Land (Landkreis),169752.0,49.49181305266651,11.369283928584125
112,Bayern,Oberallgäu (Landkreis),154568.0,47.57238642523324,10.258570749997043
113,Bayern,Ostallgäu (Landkreis),139278.0,47.769646609048046,10.639758094597909
114,Bayern,Passau (Kreisfreie Stadt),51781.0,48.582082223899725,13.415048707618206
115,Bayern,Passau (Landkreis),190504.0,48.55860904377717,13.366324793834648
116,Bayern,Pfaffenhofen a.d. Ilm (Landkreis),126244.0,48.596104561431076,11.524066227081885
117,Bayern,Regen (Landkreis),77489.0,49.02279964079402,13.099920393739884
118,Bayern,Regensburg (Kreisfreie Stadt),150894.0,49.012998689961,12.113727536283415
119,Bayern,Regensburg (Landkreis),192200.0,49.02133252031518,12.121458455618274
120,Bayern,Rhön-Grabfeld (Landkreis),79796.0,50.30218992541622,10.07659775804328
121,Bayern,Rosenheim (Kreisfreie Stadt),63080.0,47.844532941595105,12.109088929389033
122,Bayern,Rosenheim (Landkreis),259449.0,47.86874460237369,12.41695306378665
123,Bayern,Roth (Landkreis),126101.0,49.202825533404855,11.12382287167958
124,Bayern,Rottal-Inn (Landkreis),120371.0,48.424453519754344,12.867486222499714
125,Bayern,Schwabach (Kreisfreie Stadt),40781.0,49.3356113642185,11.023516264758921
126,Bayern,Schwandorf (Landkreis),146487.0,49.368416620602076,12.252256000494134
127,Bayern,Schweinfurt (Kreisfreie Stadt),53437.0,50.04700719114471,10.220861376254424
128,Bayern,Schweinfurt (Landkreis),115105.0,50.188632908450444,10.471149105369436
129,Bayern,Starnberg (Landkreis),135545.0,48.00596877874152,11.281737000554786
130,Bayern,Straubing (Kreisfreie Stadt),47586.0,48.880785361322964,12.57356371764822
131,Bayern,Straubing-Bogen (Landkreis),99838.0,48.89962411698495,12.58205530833701
132,Bayern,Tirschenreuth (Landkreis),72730.0,49.952307913244894,11.80702821206378
133,Bayern,Traunstein (Landkreis),176290.0,47.89429174237522,12.579528835746656
134,Bayern,Unterallgäu (Landkreis),142544.0,47.988798492771465,10.132178338857717
135,Bayern,Weiden i.d. OPf. (Kreisfreie Stadt),42543.0,49.669249524838044,12.154544734079073
136,Bayern,Weilheim-Schongau (Landkreis),134252.0,47.787576551338006,11.048231534019523
137,Bayern,Weißenburg-Gunzenhausen (Landkreis),94208.0,49.03263806190225,10.893720114842736
138,Bayern,Wunsiedel i. Fichtelgebirge (Landkreis),73485.0,50.090115264146775,12.041854442611676
139,Bayern,Würzburg (Kreisfreie Stadt),126635.0,49.784637156983614,9.94089928879843
140,Bayern,Würzburg (Landkreis),161340.0,49.737407800865284,9.927390731879807
141,Berlin,Berlin (Kreisfreie Stadt),3613495.0,52.501518866712644,13.402001294496564
142,Brandenburg,Barnim (Landkreis),180864.0,52.82303154357744,13.703435227640275
143,Brandenburg,Brandenburg an der Havel (Kreisfreie Stadt),71886.0,52.52946580047491,12.713744140951862
144,Brandenburg,Cottbus (Kreisfreie Stadt),101036.0,51.77257945276128,14.366328311560125
145,Brandenburg,Dahme-Spreewald (Landkreis),167319.0,52.04198615611107,13.82049801326566
146,Brandenburg,Elbe-Elster (Landkreis),103455.0,51.61214130290399,13.459801662159094
147,Brandenburg,Frankfurt (Oder) (Kreisfreie Stadt),58237.0,52.32476033913114,14.490322088802907
148,Brandenburg,Havelland (Landkreis),160710.0,52.62097119721817,12.628641018595346
149,Brandenburg,Märkisch-Oderland (Landkreis),192921.0,52.60667709869213,14.146801234731331
150,Brandenburg,Oberhavel (Landkreis),209893.0,52.936858516299864,13.407036373259276
151,Brandenburg,Oberspreewald-Lausitz (Landkreis),111122.0,51.615893190538124,13.94340543588731
152,Brandenburg,Oder-Spree (Landkreis),178347.0,52.24394123149196,14.219925782328698
153,Brandenburg,Ostprignitz-Ruppin (Landkreis),99368.0,52.86199828673974,12.219388898770616
154,Brandenburg,Potsdam (Kreisfreie Stadt),175710.0,52.42613375186798,13.028755758568135
155,Brandenburg,Potsdam-Mittelmark (Landkreis),213214.0,52.228160207039906,12.28121324745214
156,Brandenburg,Prignitz (Landkreis),77263.0,53.10929182748204,11.96178862117943
157,Brandenburg,Spree-Neiße (Landkreis),115456.0,51.75832674652202,14.433021163204856
158,Brandenburg,Teltow-Fläming (Landkreis),166890.0,52.07281876923482,13.275975134260372
159,Brandenburg,Uckermark (Landkreis),120349.0,53.20585152796088,13.861428406374305
160,Bremen,Bremen (Kreisfreie Stadt),568006.0,53.197227852534816,8.614138358751006
161,Bremen,Bremerhaven (Kreisfreie Stadt),113026.0,53.60676131363426,8.651796267775365
162,Hamburg,Hamburg (Kreisfreie Stadt),1830584.0,53.55769272833609,9.730853054734672
163,Hessen,Bergstraße (Landkreis),268780.0,49.618938246639175,8.678676256800959
164,Hessen,Darmstadt (Kreisfreie Stadt),158254.0,49.88143965341239,8.664688986129173
165,Hessen,Darmstadt-Dieburg (Landkreis),296048.0,49.85550498252999,8.79534731284909
166,Hessen,Frankfurt am Main (Kreisfreie Stadt),746878.0,50.11793991453046,8.644136544618746
167,Hessen,Fulda (Landkreis),221783.0,50.56376040229282,9.759008529505694
168,Hessen,Gießen (Landkreis),267056.0,50.5702479193444,8.807565815825733
169,Hessen,Groß-Gerau (Landkreis),271403.0,49.904323798208104,8.470262213885468
170,Hessen,Hersfeld-Rotenburg (Landkreis),121101.0,50.90612643591966,9.75281818599782
171,Hessen,Hochtaunuskreis (Landkreis),235995.0,50.281553192545694,8.504718423701535
172,Hessen,Kassel (Kreisfreie Stadt),200736.0,51.36383677868968,9.539784319356551
173,Hessen,Kassel (Landkreis),236674.0,51.26859457712085,9.70790974888942
174,Hessen,Lahn-Dill-Kreis (Landkreis),254164.0,50.64808324873288,8.36562167422226
175,Hessen,Limburg-Weilburg (Landkreis),171971.0,50.427397471654,8.19950006506977
176,Hessen,Main-Kinzig-Kreis (Landkreis),418208.0,50.243962600952365,9.285814738187204
177,Hessen,Main-Taunus-Kreis (Landkreis),236969.0,50.1025410435184,8.434550263471076
178,Hessen,Marburg-Biedenkopf (Landkreis),246165.0,50.836900958594676,8.738031433434028
179,Hessen,Odenwaldkreis (Landkreis),96597.0,49.67145095647165,8.979518695459701
180,Hessen,Offenbach (Landkreis),351692.0,50.02170382224701,8.811348041728934
181,Hessen,Offenbach am Main (Kreisfreie Stadt),126658.0,50.09107418347941,8.780963869267593
182,Hessen,Rheingau-Taunus-Kreis (Landkreis),186602.0,50.141933565812046,8.080814847819491
183,Hessen,Schwalm-Eder-Kreis (Landkreis),180754.0,51.02361909049519,9.373406863280268
184,Hessen,Vogelsbergkreis (Landkreis),106451.0,50.63800633330665,9.271445057365408
185,Hessen,Waldeck-Frankenberg (Landkreis),157256.0,51.190337238272626,8.888577970479382
186,Hessen,Werra-Meißner-Kreis (Landkreis),101101.0,51.190615662406046,9.929215584324186
187,Hessen,Wetteraukreis (Landkreis),305312.0,50.35482159886664,8.90763816799368
188,Hessen,Wiesbaden (Kreisfreie Stadt),278654.0,50.079176770766274,8.260410967933508
189,Mecklenburg-Vorpommern,Ludwigslust-Parchim (Landkreis),212522.0,53.619740607962854,11.364446020308064
190,Mecklenburg-Vorpommern,Mecklenburgische Seenplatte (Landkreis),260574.0,53.54337142913653,13.002167721770899
191,Mecklenburg-Vorpommern,Nordwestmecklenburg (Landkreis),156993.0,53.96306625262042,11.476499572164395
192,Mecklenburg-Vorpommern,Rostock (Kreisfreie Stadt),208409.0,54.16798984230506,12.103506331320727
193,Mecklenburg-Vorpommern,Rostock (Landkreis),214635.0,54.05154361320003,11.514752165705035
194,Mecklenburg-Vorpommern,Schwerin (Kreisfreie Stadt),95797.0,53.678851045893275,11.356572947935204
195,Mecklenburg-Vorpommern,Vorpommern-Greifswald (Landkreis),237066.0,54.18016678814568,13.35481439626377
196,Mecklenburg-Vorpommern,Vorpommern-Rügen (Landkreis),225123.0,54.26480096804504,13.389742038524306
197,Niedersachsen,Ammerland (Landkreis),123377.0,53.218472414708316,8.013232635069594
198,Niedersachsen,Aurich (Landkreis),189949.0,53.63980685946931,6.8862890362893
199,Niedersachsen,Braunschweig (Kreisfreie Stadt),248023.0,52.27522091660131,10.524063578752733
200,Niedersachsen,Celle (Landkreis),178764.0,52.71321473563696,10.103624586190556
201,Niedersachsen,Cloppenburg (Landkreis),167925.0,52.91071179021793,7.904940262832767
202,Niedersachsen,Cuxhaven (Landkreis),198100.0,53.61629840766473,8.812008545739898
203,Niedersachsen,Delmenhorst (Kreisfreie Stadt),77521.0,53.04936820654025,8.645628633642199
204,Niedersachsen,Diepholz (Landkreis),216012.0,52.72818536001022,8.70115750218561
205,Niedersachsen,Emden (Kreisfreie Stadt),50607.0,53.36107004741376,7.180643245500296
206,Niedersachsen,Emsland (Landkreis),323636.0,52.73747135890476,7.402539186312693
207,Niedersachsen,Friesland (Landkreis),98509.0,53.78632201938685,7.906078073330573
208,Niedersachsen,Gifhorn (Landkreis),175079.0,52.58007241140844,10.60407931768335
209,Niedersachsen,Goslar (Landkreis),137563.0,51.8745992126293,10.400634375545517
210,Niedersachsen,Göttingen (Landkreis),328036.0,51.56407836030904,10.087112587081954
211,Niedersachsen,Grafschaft Bentheim (Landkreis),135859.0,52.475913109550326,7.02029282868042
212,Niedersachsen,Hameln-Pyrmont (Landkreis),148296.0,52.09505950171867,9.389867292119249
213,Niedersachsen,Harburg (Landkreis),251511.0,53.33005287517027,10.30431701330801
214,Niedersachsen,Heidekreis (Landkreis),139099.0,52.92805167146804,9.768703066156784
215,Niedersachsen,Helmstedt (Landkreis),91720.0,52.2605727634454,10.888912428446432
216,Niedersachsen,Hildesheim (Landkreis),276640.0,52.090129411735724,9.943423474111864
217,Niedersachsen,Holzminden (Landkreis),71144.0,51.88055207996812,9.551287080283071
218,Niedersachsen,Leer (Landkreis),168946.0,53.59085320207042,6.864638434800043
219,Niedersachsen,Lüchow-Dannenberg (Landkreis),48357.0,53.01987354093547,11.123072851652568
220,Niedersachsen,Lüneburg (Landkreis),182930.0,53.232764702739566,10.573069765770336
221,Niedersachsen,Nienburg (Weser) (Landkreis),121470.0,52.60903285573005,9.113810723684551
222,Niedersachsen,Northeim (Landkreis),133046.0,51.56922063469053,9.645682673199858
223,Niedersachsen,Oldenburg (Landkreis),129924.0,52.988004574754456,8.38951027123802
224,Niedersachsen,Oldenburg (Oldb) (Kreisfreie Stadt),167081.0,53.1445520949436,8.224337992205884
225,Niedersachsen,Osnabrück (Kreisfreie Stadt),164374.0,52.27767413020032,8.047045709433489
226,Niedersachsen,Osnabrück (Landkreis),356140.0,52.69307110932272,7.793204007713072
227,Niedersachsen,Osterholz (Landkreis),113105.0,53.250995216017806,8.808131985770945
228,Niedersachsen,Peine (Landkreis),133368.0,52.30414261339971,10.255277647341222
229,Niedersachsen,Region Hannover (Landkreis),1152675.0,52.42184105963597,9.719865928322141
230,Niedersachsen,Rotenburg (Wümme) (Landkreis),163377.0,53.250362093619785,9.307440592521594
231,Niedersachsen,Salzgitter (Kreisfreie Stadt),104548.0,52.12441146944282,10.370696409915944
232,Niedersachsen,Schaumburg (Landkreis),157883.0,52.29272028843882,9.206422567170724
233,Niedersachsen,Stade (Landkreis),201887.0,53.55047137083854,9.77344251926897
234,Niedersachsen,Uelzen (Landkreis),92744.0,53.06708803045143,10.201320663116551
235,Niedersachsen,Vechta (Landkreis),140540.0,52.65994928854288,8.222777670172071
236,Niedersachsen,Verden (Landkreis),136590.0,52.973125164861926,9.17576234595914
237,Niedersachsen,Wesermarsch (Landkreis),89022.0,53.355428190262565,8.390320191994897
238,Niedersachsen,Wilhelmshaven (Kreisfreie Stadt),76316.0,53.566858872386405,8.087493909507836
239,Niedersachsen,Wittmund (Landkreis),56731.0,53.770760953766796,7.733762394815932
240,Niedersachsen,Wolfenbüttel (Landkreis),120437.0,52.08207499484496,10.245818264466829
241,Niedersachsen,Wolfsburg (Kreisfreie Stadt),123914.0,52.41073812607215,10.78489752577282
242,Nordrhein-Westfalen,Bielefeld (Kreisfreie Stadt),332552.0,52.01090587160244,8.540754338886646
243,Nordrhein-Westfalen,Bochum (Kreisfreie Stadt),365529.0,51.46989881400916,7.2249724799157145
244,Nordrhein-Westfalen,Bonn (Kreisfreie Stadt),325490.0,50.70579612318527,7.109828519913628
245,Nordrhein-Westfalen,Borken (Kreis),369718.0,51.961070419388896,6.899128293766742
246,Nordrhein-Westfalen,Bottrop (Kreisfreie Stadt),117364.0,51.57166816619132,6.920142308245438
247,Nordrhein-Westfalen,Coesfeld (Kreis),219360.0,51.86675163163929,7.36635621952795
248,Nordrhein-Westfalen,Dortmund (Kreisfreie Stadt),586600.0,51.51605380959667,7.474909660575657
249,Nordrhein-Westfalen,Duisburg (Kreisfreie Stadt),498110.0,51.43956158131042,6.734713257029267
250,Nordrhein-Westfalen,Düren (Kreis),262889.0,50.81772670538408,6.445800259043428
251,Nordrhein-Westfalen,Düsseldorf (Kreisfreie Stadt),617280.0,51.235442694328576,6.810237762775817
252,Nordrhein-Westfalen,Ennepe-Ruhr-Kreis (Kreis),324670.0,51.34676203002685,7.324129111047298
253,Nordrhein-Westfalen,Essen (Kreisfreie Stadt),583393.0,51.43380474162922,7.017142372909079
254,Nordrhein-Westfalen,Euskirchen (Kreis),192127.0,50.53631881589354,6.643883849209546
255,Nordrhein-Westfalen,Gelsenkirchen (Kreisfreie Stadt),260305.0,51.55390236099998,7.0712240598034635
256,Nordrhein-Westfalen,Gütersloh (Kreis),363049.0,51.931572528323926,8.351582973113901
257,Nordrhein-Westfalen,Hagen (Kreisfreie Stadt),187730.0,51.34802243368379,7.497583407229959
258,Nordrhein-Westfalen,Hamm (Kreisfreie Stadt),179185.0,51.66516090832817,7.823609305021338
259,Nordrhein-Westfalen,Heinsberg (Kreis),253106.0,51.04935285213849,6.163950026696793
260,Nordrhein-Westfalen,Herford (Kreis),251539.0,52.16758689704706,8.643954241217479
261,Nordrhein-Westfalen,Herne (Kreisfreie Stadt),156490.0,51.53752888639179,7.208569220692547
262,Nordrhein-Westfalen,Hochsauerlandkreis (Kreis),261591.0,51.30688887721934,8.384985907435617
263,Nordrhein-Westfalen,Höxter (Kreis),141565.0,51.68472507403909,9.178015886522994
264,Nordrhein-Westfalen,Kleve (Kreis),311270.0,51.65199663232808,6.259140274959693
265,Nordrhein-Westfalen,Köln (Kreisfreie Stadt),1080394.0,50.94558019124954,6.973443866359923
266,Nordrhein-Westfalen,Krefeld (Kreisfreie Stadt),226699.0,51.345225809050945,6.579690896134569
267,Nordrhein-Westfalen,Leverkusen (Kreisfreie Stadt),163577.0,51.05307672139453,7.0154695334334365
268,Nordrhein-Westfalen,Lippe (Kreis),349069.0,51.98136388668465,8.950874014953795
269,Nordrhein-Westfalen,Märkischer Kreis (Kreis),413383.0,51.26238264831916,7.7129020342531005
270,Nordrhein-Westfalen,Mettmann (Kreis),485409.0,51.25694991553425,6.968990670028252
271,Nordrhein-Westfalen,Minden-Lübbecke (Kreis),311207.0,52.35249438713245,8.739515254129861
272,Nordrhein-Westfalen,Mönchengladbach (Kreisfreie Stadt),262188.0,51.16717847552079,6.411972770575965
273,Nordrhein-Westfalen,Mülheim an der Ruhr (Kreisfreie Stadt),171265.0,51.41374399733685,6.8784511827310455
274,Nordrhein-Westfalen,Münster (Kreisfreie Stadt),313559.0,51.95427111901633,7.623656293226572
275,Nordrhein-Westfalen,Oberbergischer Kreis (Kreis),272968.0,51.012575606285544,7.516992463860677
276,Nordrhein-Westfalen,Oberhausen (Kreisfreie Stadt),211422.0,51.513123978128654,6.847145416810478
277,Nordrhein-Westfalen,Olpe (Kreis),134808.0,51.0861080133452,7.976416604636906
278,Nordrhein-Westfalen,Paderborn (Kreis),305362.0,51.66403123075573,8.719683114996048
279,Nordrhein-Westfalen,Recklinghausen (Kreis),616824.0,51.6724321433102,7.159350646386047
280,Nordrhein-Westfalen,Remscheid (Kreisfreie Stadt),110584.0,51.18269083783875,7.224057183828073
281,Nordrhein-Westfalen,Rhein-Erft-Kreis (Kreis),467209.0,50.90494710491482,6.716652674851613
282,Nordrhein-Westfalen,Rhein-Kreis Neuss (Kreis),449408.0,51.14350962367313,6.6493541697333445
283,Nordrhein-Westfalen,Rhein-Sieg-Kreis (Kreis),599056.0,50.76064217807478,7.2341573351297175
284,Nordrhein-Westfalen,Rheinisch-Bergischer Kreis (Kreis),283344.0,51.022954462494525,7.1949418512694026
285,Nordrhein-Westfalen,Siegen-Wittgenstein (Kreis),277977.0,50.93762843011283,8.194738194196109
286,Nordrhein-Westfalen,Soest (Kreis),301693.0,51.56442308348046,8.21745721893756
287,Nordrhein-Westfalen,Solingen (Kreisfreie Stadt),158803.0,51.16245112924099,7.066112847719692
288,Nordrhein-Westfalen,Städteregion Aachen (Kreis),554068.0,50.52509100152594,6.195646543545211
289,Nordrhein-Westfalen,Steinfurt (Kreis),446565.0,52.211509912336645,7.579240546150671
290,Nordrhein-Westfalen,Unna (Kreis),393934.0,51.57845597958047,7.636578230745116
291,Nordrhein-Westfalen,Viersen (Kreis),298733.0,51.28281665080606,6.326024825054724
292,Nordrhein-Westfalen,Warendorf (Kreis),277458.0,51.87007545179577,7.958563037615262
293,Nordrhein-Westfalen,Wesel (Kreis),460666.0,51.626910468557604,6.61829154983324
294,Nordrhein-Westfalen,Wuppertal (Kreisfreie Stadt),353590.0,51.25064005114376,7.168908827899356
295,Rheinland-Pfalz,Ahrweiler (Landkreis),128914.0,50.46757321241536,7.044780991116142
296,Rheinland-Pfalz,Altenkirchen (Westerwald) (Landkreis),128791.0,50.7507312924331,7.743883006208566
297,Rheinland-Pfalz,Alzey-Worms (Landkreis),128519.0,49.7594298750897,8.157288082607295
298,Rheinland-Pfalz,Bad Dürkheim (Landkreis),132739.0,49.452951549042346,8.110162959018595
299,Rheinland-Pfalz,Bad Kreuznach (Landkreis),157549.0,49.824786423029224,7.68656366904159
300,Rheinland-Pfalz,Bernkastel-Wittlich (Landkreis),112134.0,49.92452097881147,6.96752130296565
301,Rheinland-Pfalz,Birkenfeld (Landkreis),80728.0,49.71245838498772,7.277602846759347
302,Rheinland-Pfalz,Cochem-Zell (Landkreis),61662.0,50.13280387703149,7.174403628324308
303,Rheinland-Pfalz,Donnersbergkreis (Landkreis),75102.0,49.63195000139961,7.915085993546236
304,Rheinland-Pfalz,Eifelkreis Bitburg-Prüm (Landkreis),98213.0,50.06194228521347,6.4103104914087154
305,Rheinland-Pfalz,Frankenthal (Pfalz) (Kreisfreie Stadt),48417.0,49.53304531467038,8.356857578124805
306,Rheinland-Pfalz,Germersheim (Landkreis),128477.0,49.11579094612592,8.246028907860094
307,Rheinland-Pfalz,Kaiserslautern (Kreisfreie Stadt),99684.0,49.43285215864724,7.760679900693082
308,Rheinland-Pfalz,Kaiserslautern (Landkreis),105649.0,49.44624520292629,7.684889940909757
309,Rheinland-Pfalz,Koblenz (Kreisfreie Stadt),113844.0,50.34852452035821,7.579543672585618
310,Rheinland-Pfalz,Kusel (Landkreis),70764.0,49.549747799775496,7.4710592492805326
311,Rheinland-Pfalz,Landau in der Pfalz (Kreisfreie Stadt),46292.0,49.17649822241421,7.986745885776102
312,Rheinland-Pfalz,Ludwigshafen am Rhein (Kreisfreie Stadt),168497.0,49.482110141551615,8.3968631637263
313,Rheinland-Pfalz,Mainz (Kreisfreie Stadt),215110.0,49.97417949444078,8.24152268777435
314,Rheinland-Pfalz,Mainz-Bingen (Landkreis),209785.0,49.92209295089863,8.079955318004105
315,Rheinland-Pfalz,Mayen-Koblenz (Landkreis),213554.0,50.33163323542612,7.332163685832717
316,Rheinland-Pfalz,Neustadt an der Weinstraße (Kreisfreie Stadt),53353.0,49.34188896678262,8.15231551294785
317,Rheinland-Pfalz,Neuwied (Landkreis),181655.0,50.59272203825922,7.7015186911457825
318,Rheinland-Pfalz,Pirmasens (Kreisfreie Stadt),40632.0,49.19714667893741,7.594395401640504
319,Rheinland-Pfalz,Rhein-Hunsrück-Kreis (Landkreis),102938.0,50.044081743592294,7.4999376418333075
320,Rheinland-Pfalz,Rhein-Lahn-Kreis (Landkreis),122381.0,50.26324183258267,7.8425949928547585
321,Rheinland-Pfalz,Rhein-Pfalz-Kreis (Landkreis),153629.0,49.41653379692556,8.360754478808492
322,Rheinland-Pfalz,Speyer (Kreisfreie Stadt),50931.0,49.32969703519536,8.435012042896187
323,Rheinland-Pfalz,Südliche Weinstraße (Landkreis),110622.0,49.19031871942622,8.047948759705143
324,Rheinland-Pfalz,Südwestpfalz (Landkreis),95474.0,49.208231467258216,7.659000169539719
325,Rheinland-Pfalz,Trier (Kreisfreie Stadt),110013.0,49.76274205631452,6.655000933399466
326,Rheinland-Pfalz,Trier-Saarburg (Landkreis),148532.0,49.6964790906271,6.6950501759150605
327,Rheinland-Pfalz,Vulkaneifel (Landkreis),60705.0,50.238322572624426,6.748783910530909
328,Rheinland-Pfalz,Westerwaldkreis (Landkreis),201039.0,50.564810547120324,7.672594933676666
329,Rheinland-Pfalz,Worms (Kreisfreie Stadt),83081.0,49.649416069312295,8.32449223358897
330,Rheinland-Pfalz,Zweibrücken (Kreisfreie Stadt),34270.0,49.2481605836979,7.365383591787411
331,Saarland,Merzig-Wadern (Landkreis),103656.0,49.49582719056301,6.680396574588316
332,Saarland,Neunkirchen (Landkreis),133297.0,49.3757281441472,7.1172370341772
333,Saarland,Regionalverband Saarbrücken (Landkreis),330150.0,49.25137168078987,6.957271973465402
334,Saarland,Saarlouis (Landkreis),195815.0,49.355309728772795,6.775441506995749
335,Saarland,Saarpfalz-Kreis (Landkreis),143402.0,49.248627604465476,7.242151355615006
336,Saarland,St. Wendel (Landkreis),87867.0,49.519560314512034,7.100488700981897
337,Sachsen,Bautzen (Landkreis),302634.0,51.26876802839266,14.231088698853181
338,Sachsen,Chemnitz (Kreisfreie Stadt),246855.0,50.82629166942529,12.911858967988355
339,Sachsen,Dresden (Kreisfreie Stadt),551072.0,51.06643933650386,13.783479459103418
340,Sachsen,Erzgebirgskreis (Landkreis),340373.0,50.6089362235814,12.944771297787328
341,Sachsen,Görlitz (Landkreis),256587.0,51.224861538120315,14.750979058560837
342,Sachsen,Leipzig (Kreisfreie Stadt),581980.0,51.342188991723816,12.374805383389585
343,Sachsen,Leipzig (Landkreis),258008.0,51.221341689246245,12.599301208221727
344,Sachsen,Meißen (Landkreis),242862.0,51.23931293750503,13.48292401287457
345,Sachsen,Mittelsachsen (Landkreis),308153.0,50.95563727809938,13.138252257368569
346,Sachsen,Nordsachsen (Landkreis),197794.0,51.47296293802621,12.77983119951553
347,Sachsen,Sächsische Schweiz-Osterzgebirge (Landkreis),245418.0,50.916828845980646,13.873347593511632
348,Sachsen,Vogtlandkreis (Landkreis),229584.0,50.45668247251646,12.235076243711084
349,Sachsen,Zwickau (Landkreis),319988.0,50.7506550154529,12.525729919345805
350,Sachsen-Anhalt,Altmarkkreis Salzwedel (Landkreis),84457.0,52.679792516648845,11.227305490689748
351,Sachsen-Anhalt,Anhalt-Bitterfeld (Landkreis),161264.0,51.864715362866924,11.885701044375105
352,Sachsen-Anhalt,Börde (Landkreis),172619.0,52.22046099415729,11.347715133728082
353,Sachsen-Anhalt,Burgenlandkreis (Landkreis),181968.0,51.197568063683995,11.443964516874333
354,Sachsen-Anhalt,Dessau-Roßlau (Kreisfreie Stadt),82111.0,51.90333934126763,12.119552164842279
355,Sachsen-Anhalt,Halle (Saale) (Kreisfreie Stadt),239173.0,51.479761341847926,11.968515534877653
356,Sachsen-Anhalt,Harz (Landkreis),216299.0,51.82115741522133,10.958855236060147
357,Sachsen-Anhalt,Jerichower Land (Landkreis),90465.0,52.260522486746225,12.026186681811142
358,Sachsen-Anhalt,Magdeburg (Kreisfreie Stadt),238478.0,52.11650249614127,11.64141536554492
359,Sachsen-Anhalt,Mansfeld-Südharz (Landkreis),138013.0,51.53575117145174,11.35627504289891
360,Sachsen-Anhalt,Saalekreis (Landkreis),185494.0,51.342303171534326,11.408998814533446
361,Sachsen-Anhalt,Salzlandkreis (Landkreis),192739.0,52.08482083307105,11.751132123515386
362,Sachsen-Anhalt,Stendal (Landkreis),113186.0,52.34459482233082,11.805162143791726
363,Sachsen-Anhalt,Wittenberg (Landkreis),126815.0,51.82015894528025,12.701962108857673
364,Schleswig-Holstein,Dithmarschen (Kreis),133447.0,54.058493360506226,8.688283666500746
365,Schleswig-Holstein,Flensburg (Kreisfreie Stadt),88519.0,54.78498165704253,9.438479887947103
366,Schleswig-Holstein,Herzogtum Lauenburg (Kreis),196074.0,53.78904607320195,10.642230185811835
367,Schleswig-Holstein,Kiel (Kreisfreie Stadt),247943.0,54.324730114656326,10.132361822039496
368,Schleswig-Holstein,Lübeck (Kreisfreie Stadt),216318.0,53.87248763124061,10.72738384117383
369,Schleswig-Holstein,Neumünster (Kreisfreie Stadt),79335.0,54.081103983349294,9.98445167984023
370,Schleswig-Holstein,Nordfriesland (Kreis),165462.0,54.87492302634338,8.3457730637019
371,Schleswig-Holstein,Ostholstein (Kreis),200584.0,54.4153327447191,11.208543308819847
372,Schleswig-Holstein,Pinneberg (Kreis),312662.0,53.560987078766786,9.695958249707967
373,Schleswig-Holstein,Plön (Kreis),128842.0,54.24323445762703,10.363380548006056
374,Schleswig-Holstein,Rendsburg-Eckernförde (Kreis),273022.0,54.28926355005046,9.781274815157863
375,Schleswig-Holstein,Schleswig-Flensburg (Kreis),199503.0,54.50831126327464,9.563175817080596
376,Schleswig-Holstein,Segeberg (Kreis),274025.0,53.91993895472101,10.140546737401127
377,Schleswig-Holstein,Steinburg (Kreis),131613.0,53.7105087397748,9.497479982321108
378,Schleswig-Holstein,Stormarn (Kreis),242472.0,53.70114200747345,10.070176729575165
379,Thüringen,Altenburger Land (Landkreis),90650.0,50.95636593218856,12.39911301309204
380,Thüringen,Eichsfeld (Landkreis),100645.0,51.383588924691374,10.253188578774443
381,Thüringen,Eisenach (Kreisfreie Stadt),42710.0,50.9896681638412,10.30010582031823
382,Thüringen,Erfurt (Kreisfreie Stadt),212988.0,50.983236243798615,11.020207666738374
383,Thüringen,Gera (Kreisfreie Stadt),94859.0,50.89397157739879,12.082694584332065
384,Thüringen,Gotha (Landkreis),135521.0,50.91053591459775,10.693663925635253
385,Thüringen,Greiz (Landkreis),99275.0,50.748309060742855,12.07407928087312
386,Thüringen,Hildburghausen (Landkreis),63923.0,50.43388209727688,10.733976688310749
387,Thüringen,Ilm-Kreis (Landkreis),108830.0,50.73780379111598,10.96624009504901
388,Thüringen,Jena (Kreisfreie Stadt),111099.0,50.924245218885794,11.587007717989161
389,Thüringen,Kyffhäuserkreis (Landkreis),75818.0,51.32495763667512,10.984869345514744
390,Thüringen,Nordhausen (Landkreis),84697.0,51.41612780422648,10.475028435365148
391,Thüringen,Saale-Holzland-Kreis (Landkreis),82990.0,50.90409857275952,11.731333647509196
392,Thüringen,Saale-Orla-Kreis (Landkreis),81501.0,50.58064746309986,11.710545019139518
393,Thüringen,Saalfeld-Rudolstadt (Landkreis),107368.0,50.63771638114204,11.309143949238234
394,Thüringen,Schmalkalden-Meiningen (Landkreis),122952.0,50.63057869844626,10.404946269017078
395,Thüringen,Sömmerda (Landkreis),70027.0,51.15781670410513,11.154684004842796
396,Thüringen,Sonneberg (Landkreis),56361.0,50.4145734043955,11.133018339252192
397,Thüringen,Suhl (Kreisfreie Stadt),35166.0,50.61162768398356,10.688213222175394
398,Thüringen,Unstrut-Hainich-Kreis (Landkreis),103504.0,51.185257584702605,10.551935748019591
399,Thüringen,Wartburgkreis (Landkreis),123764.0,50.885514610776774,10.210214759285194
400,Thüringen,Weimar (Kreisfreie Stadt),64426.0,50.97833703375862,11.317889681953796
401,Thüringen,Weimarer Land (Landkreis),82131.0,50.971494473304475,11.37334299584002
